TimeStamp,ID,Rating,Latitude,Longitude
2023-10-31 00:02:02,79c46785a091,87.0,19.9952866745,73.7833571364
2023-10-31 06:07:01,d698d0d3f3b3,92.0,19.9946960669,73.7891854435
2023-10-31 13:03:00,17cb6de0457b,23.0,19.9936619665,73.7826737064
2023-10-31 01:07:06,b0b5f59beee0,41.0,19.9908027119,73.7810854227
2023-10-31 00:04:58,1e822a6ad0d5,43.0,19.9943429397,73.7851120801
2023-10-31 06:06:02,1ca07c77ce47,29.0,19.9975155417,73.7809558757
2023-10-31 11:10:06,4d0953aa4760,54.0,19.9981918019,73.787301663
2023-10-31 02:03:04,e1703fa2e0f0,23.0,19.9934740162,73.789640431
2023-10-31 07:08:59,78d11a1e9936,72.0,19.999698028,73.7833451966
2023-10-31 09:05:02,31cf98edfe3c,75.0,19.9976080057,73.7894662835
2023-10-31 11:06:03,570d58007795,97.0,19.9959161596,73.7877544599
2023-10-30 23:02:04,7a80063a864c,83.0,19.9949331275,73.7822251349
2023-10-31 03:10:00,98a3ac160458,55.0,19.9991558767,73.783140852
2023-10-31 14:05:00,6644ae61fdb8,84.0,19.9991815272,73.7823851544
2023-10-31 02:03:01,3ffefc39011a,53.0,19.9984827905,73.7873332104
2023-10-31 03:10:57,497daa1bff6d,100.0,19.9906490656,73.7826228489
2023-10-31 09:06:02,9a8c178bf635,4.0,19.9978208604,73.7845609937
2023-10-31 08:02:00,ec9d6aad60ae,49.0,19.9993588909,73.7859589925
2023-10-31 02:06:03,2a41a2f35f8e,40.0,19.9930401365,73.781368294
2023-10-31 13:05:04,2751bf5ce167,56.0,19.9956459693,73.7870439771
2023-10-31 13:10:00,006c6ad0f287,44.0,19.9919513635,73.7885228683
2023-10-31 11:09:02,de97b7905b1d,37.0,19.9935495346,73.7846952621
2023-10-31 11:05:58,4b1fbd3cd103,26.0,19.9993812444,73.7885149464
2023-10-31 02:07:58,e07fb0b15cf9,98.0,19.9963666242,73.7866958604
2023-10-31 02:02:57,4d75d6e402d0,93.0,19.994671276,73.7845755597
2023-10-30 23:01:58,b4259fe823b5,11.0,19.9908680958,73.7885049465
2023-10-31 13:02:03,22c4015d7f2c,82.0,19.9965571396,73.7819670807
2023-10-31 04:07:05,820df81704f9,90.0,19.9953138334,73.7801212971
2023-10-31 06:04:02,304871b1bd60,95.0,19.9950285224,73.7824378745
2023-10-31 14:02:59,f15fbd270bf7,56.0,19.9962383755,73.7802602379
2023-10-31 08:02:59,f1226decce49,75.0,19.9949681561,73.7810756376
2023-10-31 10:02:58,2749c8abc400,28.0,19.9987975442,73.784087881
2023-10-31 02:08:59,2de49edf0b1c,47.0,19.992013315,73.7828039002
2023-10-31 06:06:04,9a4a08c8f923,63.0,19.9923236206,73.7840556886
2023-10-31 09:02:01,c95839261dca,100.0,19.9982356971,73.7855982785
2023-10-31 03:07:58,a85221028c63,87.0,19.9949823879,73.780279734
2023-10-31 06:10:59,cfa1ecfc4b7f,34.0,19.9950228204,73.7888918553
2023-10-31 01:11:00,6bb6533c36a6,5.0,19.9920160236,73.7837319583
2023-10-31 08:10:06,9f1f72a79624,68.0,19.9937003692,73.7829837579
2023-10-31 10:02:03,88fdaa343e6c,61.0,19.9963658235,73.7890361244
2023-10-31 05:04:04,7dd4f3a38eae,97.0,19.9901336905,73.780104201
2023-10-31 09:02:02,0eb08de06413,55.0,19.9944824285,73.7823086689
2023-10-31 10:04:59,ae41226f21f0,39.0,19.9974703541,73.7855885466
2023-10-31 06:03:03,28b589ddbc84,35.0,19.9948451253,73.7805666
2023-10-31 07:09:05,146db7b5f322,57.0,19.9928148248,73.7876321752
2023-10-31 13:04:04,7c3fc46d3803,46.0,19.9951813737,73.787724056
2023-10-31 05:03:57,a8550327d008,8.0,19.9981238006,73.7893714979
2023-10-30 23:08:00,b1cc869992f5,78.0,19.9975031512,73.7860989055
2023-10-31 14:08:00,824b22097863,62.0,19.9951689453,73.7808131011
2023-10-31 14:03:05,57056713eedd,70.0,19.9998105049,73.7883703277
2023-10-31 12:10:05,8306a0c12a8a,50.0,19.998424899,73.7877858051
2023-10-31 02:04:02,b9b32f925a06,40.0,19.9902325953,73.7829213526
2023-10-31 06:09:02,d7cfcc919524,71.0,19.9995031352,73.7878596965
2023-10-30 23:04:59,ec50d8f5254f,42.0,19.99239085,73.7837639319
2023-10-31 14:01:58,5bcfa6cc5260,56.0,19.9966259521,73.7864246756
2023-10-31 02:04:58,3250e26a230a,64.0,19.9928972256,73.78821757
2023-10-31 01:10:58,5dfad7dab36b,63.0,19.9936953279,73.7882830605
2023-10-31 03:03:57,2f83de99ddf1,89.0,19.9939843872,73.7810357599
2023-10-31 13:08:00,ac55251a5344,49.0,19.9914437624,73.7851802699
2023-10-31 04:09:58,a128e1126cc5,52.0,19.9915860058,73.7803176285
2023-10-31 07:04:06,ff452262bc7c,31.0,19.9927392987,73.7872575844
2023-10-31 11:01:58,318fa6a5b483,16.0,19.9901155317,73.7879294115
2023-10-31 14:10:57,b4e83d0c71e4,68.0,19.9944878602,73.7838765756
2023-10-31 12:03:06,fc8809ce805b,69.0,19.9901300341,73.7852953458
2023-10-31 04:11:04,434654cd88de,67.0,19.999750412,73.7836999332
2023-10-31 08:03:00,bcc52bb2908f,32.0,19.9974236812,73.7815194223
2023-10-31 08:06:57,fc409361b7cd,49.0,19.9989743792,73.7892322687
2023-10-31 08:09:05,0e238d4896bd,0.0,19.9954188946,73.7845454868
2023-10-31 04:09:02,d4caba585cd1,76.0,19.9905702066,73.7854223551
2023-10-31 06:02:01,739d0c548a91,27.0,19.9972800308,73.7893654618
2023-10-31 06:04:01,76d9cdb96aed,48.0,19.9939375115,73.7899887926
2023-10-31 05:06:05,63349c3ea3c5,69.0,19.9973470647,73.7864864226
2023-10-31 09:02:57,17e0e4e7e2f9,10.0,19.9971100526,73.7859958515
2023-10-31 11:11:03,64497e354b84,44.0,19.9967492111,73.7814101402
2023-10-30 23:08:04,ac7e666c7a7a,39.0,19.9923067256,73.7857902473
2023-10-31 14:05:58,95c0dbadd83b,83.0,19.9942089497,73.7820603137
2023-10-31 05:11:01,44b906c95e21,12.0,19.9987414271,73.780396015
2023-10-31 12:03:00,6dcaef3ecf26,3.0,19.998224484,73.7811052871
2023-10-31 14:05:58,10075ccc6744,33.0,19.9993754812,73.7818694401
2023-10-31 04:05:04,d83d5e888ea7,0.0,19.996082452,73.7898758918
2023-10-31 07:06:57,bd8518fb1b1d,27.0,19.9912552733,73.7814197571
2023-10-31 11:08:04,596f9a06783f,6.0,19.9930880351,73.782749997
2023-10-31 10:10:06,178fc220ea58,4.0,19.9988290758,73.7817844631
2023-10-31 04:09:01,f67bef7fde8e,57.0,19.9948860778,73.78362543
2023-10-31 11:02:02,d4970b184b1a,48.0,19.9949648684,73.7811011228
2023-10-31 01:04:57,546f5735f989,4.0,19.9959950641,73.7859217398
2023-10-31 08:10:02,14e68f7eb9c1,48.0,19.9941158124,73.7882277289
2023-10-31 07:07:03,e6d5fa308214,44.0,19.9902317071,73.7832114286
2023-10-31 10:09:05,8afd95af246f,68.0,19.9999927216,73.7833084241
2023-10-31 13:03:02,a540eecb8f70,72.0,19.9910283118,73.7818496511
2023-10-31 01:08:57,a05cdb52ea18,92.0,1.303319801,103.838921976
2023-10-31 00:02:58,9a8160ee21e3,50.0,1.30015249208,103.836789361
2023-10-31 14:06:01,526864ebe437,66.0,1.30502160082,103.834234858
2023-10-31 01:05:02,e0624efa8034,89.0,1.30769400323,103.833665399
2023-10-31 13:07:04,0b985f7f4de2,47.0,1.30101892419,103.838261099
2023-10-31 12:08:06,b20dacc46430,99.0,1.30775902209,103.831192023
2023-10-31 02:04:02,fef0563af1aa,76.0,1.30464445526,103.83099825
2023-10-31 07:01:59,caa259c0cb63,57.0,1.30873530443,103.836538329
2023-10-31 14:03:59,e7d72a0f59e2,14.0,1.30078963764,103.837400492
2023-10-31 06:05:58,6fb3a49cdf7f,44.0,1.30410730774,103.830476823
2023-10-31 01:07:04,b978d8cd1567,100.0,1.30696111907,103.834948141
2023-10-31 14:11:06,428e074b8134,99.0,1.30172714895,103.831253517
2023-10-31 02:07:59,2729725809a8,16.0,1.30278701878,103.830235226
2023-10-31 03:09:57,478e3b836dd1,1.0,1.30783893488,103.831814497
2023-10-31 13:03:58,f8a41da8c021,13.0,1.30074804802,103.833507313
2023-10-31 08:02:02,43e1b0648d9e,40.0,1.300636552,103.837440128
2023-10-31 06:09:57,d9808d102c90,14.0,1.30178007299,103.834295156
2023-10-31 12:11:05,cd134939893d,60.0,1.30592059201,103.830682151
2023-10-31 13:02:57,a84ca0f07583,36.0,1.30431605162,103.839511654
2023-10-31 07:09:58,7ac02716c263,45.0,1.30359120978,103.838413499
2023-10-31 07:07:59,59cfbb38d045,12.0,1.30387939507,103.830860623
2023-10-31 01:07:59,37d928c6b713,83.0,1.3017705441,103.835177207
2023-10-31 07:07:05,30a0028eedb4,67.0,1.30196164224,103.831862859
2023-10-31 04:04:06,d163a234959f,80.0,1.30166721508,103.830237654
2023-10-31 01:06:57,1b2062058b85,3.0,1.30674412189,103.833587959
2023-10-31 14:10:01,b805b4776538,73.0,1.30831718261,103.83432334
2023-10-31 14:11:00,1331bfafbcb5,68.0,1.30227354266,103.836684735
2023-10-31 07:11:04,c3f4ee35058d,84.0,1.30316488767,103.835657844
2023-10-31 00:03:03,a35ea609e4d3,95.0,1.30511448179,103.837432168
2023-10-31 03:04:02,9f719bf67267,62.0,1.30971493013,103.831798437
2023-10-31 04:11:06,f17d88ae1f38,53.0,1.30363234598,103.836213727
2023-10-30 23:09:57,9456d26f2412,85.0,1.307597548,103.834687789
2023-10-31 07:02:04,d914140e39fa,100.0,1.30418875971,103.830880079
2023-10-31 05:07:06,20ef6e969df4,33.0,1.3083213622,103.839518553
2023-10-31 02:07:03,4ebfdd83b80a,99.0,1.30292451646,103.831923937
2023-10-31 06:07:00,e099b8ca7b67,55.0,1.30301965963,103.837891406
2023-10-31 08:04:06,ed1a7a2c4290,100.0,1.30067900727,103.830373856
2023-10-31 04:01:57,acb11c5f16bc,67.0,1.30463711606,103.833161318
2023-10-31 08:07:59,afac1f90dcfc,6.0,1.30101410226,103.831784606
2023-10-31 00:05:04,5abdb23c1b9b,10.0,1.30523963538,103.837126141
2023-10-31 05:01:59,afe246983731,65.0,1.30614946174,103.839174568
2023-10-31 06:06:59,e14e4fe2a76a,37.0,1.3034603426,103.838141883
2023-10-31 08:06:59,7a7974f732bf,88.0,1.30848092961,103.830227714
2023-10-31 01:11:02,b178f835e31f,3.0,1.30169160562,103.839011928
2023-10-31 12:06:59,190ca0a67b2d,95.0,1.30217616307,103.831857247
2023-10-31 04:09:06,c20808e5193b,64.0,1.30735830719,103.838295506
2023-10-30 23:11:02,96733f06e9d0,97.0,1.30830544911,103.832485201
2023-10-31 13:02:00,a5bbbc4cddfc,17.0,1.30547116314,103.839428781
2023-10-31 03:06:06,9c7549b8314b,56.0,1.30511369931,103.836184647
2023-10-31 14:11:04,11cd5b8b73f3,71.0,1.30361152331,103.839539311
2023-10-31 12:04:04,98b723f143db,86.0,1.3042354791,103.839397592
2023-10-31 08:03:01,482378aa1ddc,95.0,1.30782562227,103.834913843
2023-10-31 11:04:01,6a473d115e32,58.0,1.30345718078,103.833527641
2023-10-31 02:05:00,411a796a919f,92.0,1.30298189695,103.830258838
2023-10-31 08:03:58,f5d1b5919e47,12.0,1.30204991467,103.83665345
2023-10-31 02:08:04,25617bbabbd4,96.0,1.3062862837,103.835707203
2023-10-31 13:03:05,36119cda92e8,5.0,1.30465328282,103.832783025
2023-10-31 03:08:58,cfacd0e1a00d,47.0,1.30905924873,103.836221819
2023-10-31 09:10:57,486d5b1d79b3,15.0,1.3036316367,103.836060519
2023-10-31 01:10:57,788d4e7ee991,72.0,1.30933447443,103.835116739
2023-10-31 14:04:06,e84860beadc2,61.0,1.30372346351,103.834209614
2023-10-31 07:08:04,049e389f517b,13.0,1.30448502691,103.832164577
2023-10-31 11:08:02,a0db70b3c003,76.0,1.30547778812,103.838221823
2023-10-31 08:07:04,6457a766d505,54.0,1.30634062995,103.838488325
2023-10-31 07:03:04,c30eb2f6878f,37.0,1.30053500922,103.837278355
2023-10-31 09:07:57,9da7554bf103,41.0,1.30816258548,103.832141839
2023-10-30 23:11:03,b1d195e8b088,90.0,1.30510856901,103.839050006
2023-10-31 07:09:00,69036c53b041,94.0,1.30918246519,103.838290585
2023-10-31 13:03:05,4883eb30c87a,43.0,1.30841905407,103.838483771
2023-10-31 09:02:01,8d0214c99a7f,93.0,1.30065662675,103.834364548
2023-10-31 02:03:57,d7c496b673e0,36.0,1.30981795632,103.83896318
2023-10-31 13:03:02,57441034dc96,86.0,1.30640866411,103.838396102
2023-10-31 00:10:00,1a324bca7dab,11.0,1.30436120707,103.834316399
2023-10-31 10:09:05,ca66c4e97dee,30.0,1.3047084992,103.83247583
2023-10-31 11:05:04,05ac65a8fb0b,88.0,1.30208543817,103.836198667
2023-10-31 05:07:58,db59dd2328ce,65.0,1.30249040854,103.835551189
2023-10-31 01:09:59,5b6db2d43962,87.0,1.3074586147,103.832840661
2023-10-31 07:05:58,232084436a7e,86.0,1.30708975973,103.834077235
2023-10-31 14:07:00,45d844726deb,26.0,1.30296410266,103.830099666
2023-10-31 08:03:04,cf2e9b560071,51.0,1.303468662,103.831115142
2023-10-31 08:08:04,e4b49bd0c9bb,53.0,1.30437180979,103.834489668
2023-10-31 07:10:04,6c3231372486,76.0,1.30575306688,103.834002919
2023-10-31 06:03:57,7b9b0a841758,57.0,1.30754330106,103.83450989
2023-10-31 10:04:58,19df33d00b93,60.0,1.30411372143,103.832688041
2023-10-31 00:05:01,a8cdb09783b2,86.0,1.3008763558,103.831076951
2023-10-31 02:04:58,3aee7ac20817,60.0,1.30923038414,103.837888721
2023-10-31 03:02:03,3c25574e03a6,75.0,1.30275925079,103.831824002
2023-10-30 23:07:00,9812ff5bf69d,72.0,1.30594136993,103.836060013
2023-10-31 11:05:57,63ba282fca25,32.0,1.30031791329,103.839074913
2023-10-31 01:01:59,33baed0dad50,20.0,1.30057181163,103.832042516
2023-10-31 09:09:57,356aeed91b21,18.0,3.13585856314,101.600760296
2023-10-31 02:06:02,ff10ecf0ce5a,48.0,3.13959904091,101.601759204
2023-10-31 09:08:58,e5a7fc1fb337,65.0,3.13824599113,101.60947317
2023-10-31 13:05:02,8d780a857283,5.0,3.13540821684,101.600177887
2023-10-31 12:10:05,7ad89e20d680,23.0,3.13993519956,101.603635455
2023-10-31 10:10:01,9b2fd9c8ef40,64.0,3.13895543729,101.601804216
2023-10-31 01:03:03,a6eb0906f79e,81.0,3.13997970821,101.609084545
2023-10-31 08:07:58,bf3b1512e30f,43.0,3.13604742308,101.607625187
2023-10-31 10:07:00,0340cf265b92,8.0,3.1345930062,101.607808333
2023-10-31 01:02:00,42b90ec5f7b4,27.0,3.13841447702,101.606674734
2023-10-31 00:05:02,29618c45976d,76.0,3.13935393271,101.602745903
2023-10-31 02:06:57,9b6b69dded32,64.0,3.13554000994,101.605425335
2023-10-31 04:08:02,8c00157bf3c2,100.0,3.13152215727,101.606420847
2023-10-31 00:06:59,d1b5ac7e0a08,12.0,3.1365962976,101.609044925
2023-10-31 00:09:03,0b4cf0b1eecf,54.0,3.13819590618,101.604653058
2023-10-31 00:10:59,fbf8e3531987,35.0,3.13075867134,101.604114136
2023-10-31 09:01:59,e47317b2b9ae,15.0,3.13737955968,101.606147866
2023-10-31 05:09:58,1a642d8604d5,23.0,3.13240904955,101.607822802
2023-10-31 02:07:04,3fdf1a5aef07,8.0,3.1332492259,101.609627977
2023-10-31 07:03:06,f33573c519b4,9.0,3.13257760489,101.600992267
2023-10-31 13:04:59,66b34cc1010e,17.0,3.13743777612,101.603452455
2023-10-31 06:05:05,932e9c93e6b5,68.0,3.13765037415,101.605934173
2023-10-31 06:08:03,c9273aa36386,97.0,3.13455905643,101.606119865
2023-10-31 12:05:58,69eb5f29b792,66.0,3.13815025092,101.602654327
2023-10-31 03:09:04,9e61429cc238,66.0,3.13975496289,101.602885518
2023-10-31 10:08:05,0ed9fd9a7db5,30.0,3.13927087128,101.604290942
2023-10-31 09:02:03,74a439b5c546,52.0,3.13709829505,101.600958827
2023-10-30 23:06:02,41c95dec59f2,28.0,3.13733035327,101.604419804
2023-10-31 01:11:00,db64085de1ac,63.0,3.13961195037,101.607975863
2023-10-31 01:11:04,f171d256d4a4,7.0,3.13105671338,101.600021073
2023-10-31 14:11:02,78802a7f9988,53.0,3.13465854557,101.607905209
2023-10-31 11:08:03,672face660f9,40.0,3.13576503502,101.604392267
2023-10-31 00:11:01,56a9071b07ca,13.0,3.13812629423,101.608608847
2023-10-31 12:08:05,3b567a1e1aec,64.0,3.13287463996,101.602305183
2023-10-31 12:07:04,a8dae9ba3712,100.0,3.13118215392,101.609189643
2023-10-31 13:04:05,30250a690d93,43.0,3.13629746779,101.604383051
2023-10-31 00:04:01,203a5e0ff342,33.0,3.13781614092,101.608853315
2023-10-31 03:09:03,c50f80cb498e,52.0,3.13328725735,101.608208985
2023-10-31 06:03:59,5eb49352212d,52.0,3.13991354627,101.608945387
2023-10-31 05:03:00,4d9615a3ea1f,19.0,3.1378768289,101.600730339
2023-10-31 05:09:59,9e1d81c26f4c,7.0,3.13529339523,101.600776617
2023-10-31 06:07:00,e5419d414f6c,3.0,3.1396054695,101.600703884
2023-10-30 23:02:58,ed15e5a108ce,52.0,3.13006250368,101.606526151
2023-10-31 00:11:05,84f4545aad56,54.0,3.13003203866,101.602322749
2023-10-31 11:03:58,6c928cbcf06f,83.0,3.13257628138,101.601005104
2023-10-31 11:02:04,27255f2413f3,53.0,3.13069705636,101.605114397
2023-10-31 03:09:59,205bac06ae34,60.0,3.13712274986,101.608191891
2023-10-31 10:03:03,11f4a26d472b,68.0,3.13721971792,101.607014408
2023-10-31 13:07:00,85e1febdf407,46.0,3.1344259393,101.604615325
2023-10-31 02:01:57,4e6bd003b52e,26.0,3.13141294938,101.600707823
2023-10-31 09:07:02,9aaee1bd7287,90.0,3.13265287521,101.605466536
2023-10-31 09:02:59,66db857e0d21,15.0,3.13271211345,101.608766445
2023-10-31 10:08:02,abbe4b50f99f,50.0,3.13447913294,101.601445086
2023-10-31 10:04:04,759fecc5ed34,100.0,3.13720861928,101.609562852
2023-10-31 03:05:03,9ae079fc0d60,47.0,3.13683412104,101.605511073
2023-10-31 01:02:06,078e2e115586,58.0,3.13994169885,101.600021794
2023-10-31 09:10:01,951419a29306,60.0,3.13879002792,101.605346709
2023-10-31 02:03:00,8632b109cdb6,56.0,3.13831596635,101.603893972
2023-10-31 13:07:06,275599561680,7.0,3.1378069523,101.603998956
2023-10-31 04:11:01,fa7369524114,83.0,3.13908878439,101.601719384
2023-10-31 06:11:03,8979bb27540c,5.0,3.13696347718,101.600535809
2023-10-31 04:06:00,feeeea79baab,52.0,3.13436167361,101.604898656
2023-10-31 14:02:00,57952189707d,1.0,3.13577161768,101.607523336
2023-10-31 11:08:57,29ea847728e6,47.0,3.13815656755,101.603818206
2023-10-31 07:03:59,377c605cccbf,50.0,3.13498431099,101.609349061
2023-10-31 14:05:01,d923f61abc83,14.0,3.13538653857,101.600284845
2023-10-31 12:04:04,9d68bbfa4a47,23.0,3.13069824666,101.606344193
2023-10-31 00:09:57,3d0b5a7d44b2,78.0,3.13956702901,101.60027116
2023-10-31 14:06:57,6f9d9bd6b762,39.0,3.13769730415,101.604824665
2023-10-31 13:07:01,426e8f78afef,26.0,3.13072909315,101.600581051
2023-10-31 03:05:59,84702f13350e,60.0,3.13942274818,101.602481592
2023-10-31 13:10:57,6e6632ba877f,72.0,3.13185566017,101.603624264
2023-10-30 23:05:02,63a8f15d842f,42.0,3.13575234549,101.609501344
2023-10-31 06:10:57,2b9b73bb7bc8,79.0,3.13616871791,101.602680804
2023-10-31 07:07:57,3cd6256763bf,89.0,3.1345903923,101.602971062
2023-10-31 08:04:03,0e4df17d15fe,16.0,3.13882287973,101.600119176
2023-10-31 12:02:00,7c4240160bb2,82.0,3.13820495154,101.608735851
2023-10-30 23:02:05,b47b3e150003,35.0,3.13701783731,101.603806399
2023-10-31 12:09:57,a7acce087398,43.0,3.13244123859,101.604777287
2023-10-31 02:11:05,3165540bffc4,49.0,3.13468612704,101.603669535
2023-10-31 04:08:03,aa068e06a8fc,31.0,3.13439831338,101.604695368
2023-10-31 08:10:58,6212a69b490f,29.0,3.13868126634,101.602843255
2023-10-31 07:11:00,58a588f6734c,72.0,3.13329498036,101.609093288
2023-10-31 06:09:04,95fda8249531,99.0,3.13678008634,101.60165822
2023-10-31 09:05:04,35146323b243,86.0,3.13907168797,101.600427554
2023-10-31 05:07:05,4e77992d0ef3,52.0,3.13914294361,101.606271377
2023-10-31 03:07:01,3ad3d941b833,91.0,3.13417970976,101.607647094
2023-10-31 09:02:02,349b10fb310d,28.0,3.13684252189,101.600613594
2023-10-31 12:05:01,1e62dbec8894,77.0,3.1321142737,101.600475128
2023-10-31 13:10:04,cdc089d70c5b,91.0,3.13920948449,101.602691956
2023-10-31 08:09:01,6992766c6d2d,90.0,14.5851075559,120.980642981
2023-10-31 07:02:59,9f266ea68b0e,77.0,14.5871406425,120.985574029
2023-10-31 11:07:59,e7eeaf57f14a,41.0,14.5804485488,120.980447371
2023-10-31 03:07:59,ee25a2c353e4,40.0,14.5814008093,120.988948276
2023-10-31 03:11:05,632a3b25312f,89.0,14.5886048072,120.981036649
2023-10-30 23:09:06,415af2210127,70.0,14.5866113453,120.987503286
2023-10-31 06:04:05,b9fa636a8472,40.0,14.5840544558,120.989014691
2023-10-30 23:09:03,1b8488a519c6,81.0,14.5878370527,120.985201315
2023-10-30 23:03:04,467934a4c402,3.0,14.5860929226,120.98587515
2023-10-31 10:09:02,2995d8d56381,58.0,14.5875180264,120.988744567
2023-10-31 06:03:58,b89dd482af9c,90.0,14.5868711238,120.986372941
2023-10-31 14:02:58,079140d710eb,24.0,14.5827447519,120.988300283
2023-10-31 14:08:57,0bf8e2be9d05,17.0,14.589710231,120.989834569
2023-10-31 05:08:59,666738cdd1af,74.0,14.5860574347,120.980319114
2023-10-31 14:03:03,9ad1f11d0bcb,42.0,14.583681041,120.985805043
2023-10-30 23:09:02,7545da9433b2,98.0,14.5830027541,120.988128608
2023-10-31 01:06:04,51ecad6d3eaf,10.0,14.5807183887,120.981799682
2023-10-31 10:08:59,cae6926d0362,98.0,14.580878896,120.982801899
2023-10-31 10:06:59,e27dcec73214,44.0,14.5876557929,120.983811452
2023-10-31 11:08:03,353f4e95cb16,54.0,14.5851060757,120.982484873
2023-10-30 23:08:05,69afd0eedcd4,82.0,14.5861693805,120.982250865
2023-10-31 14:08:06,101cc31f9db9,20.0,14.581981226,120.988660829
2023-10-31 07:09:04,6a16670e5a25,52.0,14.5873312547,120.986113901
2023-10-31 02:10:02,4b4c97b43f3a,28.0,14.5839776323,120.982423536
2023-10-31 05:05:02,bca47af9c452,20.0,14.5805231939,120.981487071
2023-10-31 02:11:04,438b718aab70,51.0,14.5823763771,120.9855599
2023-10-31 14:05:03,1302f34449de,73.0,14.5828544948,120.987672238
2023-10-31 11:08:00,4d1b1eecd811,11.0,14.5849002208,120.980331945
2023-10-31 00:01:57,f98113baa5a3,33.0,14.5844095865,120.981640749
2023-10-31 14:06:04,68b44e183fed,41.0,14.5873530595,120.984770446
2023-10-31 01:06:57,7a6f991ee47b,11.0,14.5872013484,120.980276666
2023-10-31 05:07:02,d6ff2d443390,49.0,14.5838067215,120.984403514
2023-10-31 03:07:57,af678f9ddf8c,37.0,14.5862263449,120.988695536
2023-10-31 03:04:06,78eca46f31cf,78.0,14.5836084029,120.987409787
2023-10-31 05:03:02,ccdc5a76a79c,89.0,14.5853093944,120.984762548
2023-10-30 23:11:06,599dab10960e,40.0,14.5848425639,120.986906369
2023-10-31 12:08:06,01c491cc5983,41.0,14.583881322,120.980715264
2023-10-31 09:01:59,4021914450dd,61.0,14.586100154,120.989118099
2023-10-31 08:10:04,1f7be1e2528d,39.0,14.5808469535,120.986528349
2023-10-31 12:03:57,1237f358d277,85.0,14.5869253061,120.985028192
2023-10-31 01:04:01,8b491be24c5e,13.0,14.5862636818,120.980761443
2023-10-31 09:10:06,dd480e443b55,88.0,14.5855326781,120.985069315
2023-10-31 10:09:59,d9972cace226,10.0,14.5831277494,120.987403766
2023-10-31 03:06:03,39df42731d11,78.0,14.5853697705,120.985640847
2023-10-31 02:04:02,9c8c5426891a,11.0,14.5813099631,120.989402281
2023-10-31 02:07:59,fbd2409bb6fc,31.0,14.5813135367,120.989449818
2023-10-30 23:06:06,969e10e9d22e,64.0,14.5814346213,120.986903634
2023-10-31 00:10:06,a12a0768d68b,5.0,14.5898079094,120.981445819
2023-10-31 00:04:59,6fcd5daabb77,14.0,14.5872807187,120.9856492
2023-10-31 02:09:00,c97bff8b07c2,84.0,14.588164034,120.988487197
2023-10-31 02:11:06,9cc26b15258f,86.0,14.5862166347,120.986357141
2023-10-31 12:05:03,952631934605,5.0,14.5825018962,120.987585615
2023-10-31 07:03:57,0c7da471fe9d,16.0,14.5878349748,120.984814492
2023-10-31 13:10:00,1f99b042f5c0,92.0,14.5879742691,120.988915226
2023-10-31 10:05:04,5e5ec3908ed4,56.0,14.5891235914,120.981581369
2023-10-31 01:09:03,ebe45e318f19,70.0,14.5834100924,120.987613142
2023-10-31 14:05:06,9784f8be1b24,99.0,14.5803619529,120.981935662
2023-10-31 08:11:00,534ab76578a4,3.0,14.5859064026,120.988107736
2023-10-31 09:10:06,b53d784ebed4,97.0,14.5865345103,120.985044612
2023-10-30 23:03:00,8de929cd70d4,91.0,14.5835332817,120.981132555
2023-10-30 23:09:58,f2844dc017f9,14.0,14.5881754224,120.980814205
2023-10-31 08:04:05,973dc338911a,82.0,14.586694483,120.982393999
2023-10-31 08:05:05,49cb5e295252,16.0,14.5805410163,120.986361823
2023-10-31 13:11:05,022761fc0755,76.0,14.5826553189,120.981178492
2023-10-31 09:11:03,5cb6d21de86b,45.0,14.5866705453,120.98785506
2023-10-30 23:04:04,76252c651d33,25.0,14.5829365402,120.988577786
2023-10-31 11:08:04,63c2785f3668,4.0,14.5884637264,120.982996588
2023-10-31 09:06:59,65ec5195df07,79.0,14.5804010697,120.987824376
2023-10-31 12:09:02,96059981fe12,51.0,14.5830398762,120.983599954
2023-10-31 14:10:05,e327a2256874,60.0,14.5815016805,120.98568159
2023-10-31 05:06:58,fb58fe8a28ae,30.0,14.5816570471,120.986103349
2023-10-31 13:08:03,9d3fd204f100,35.0,14.5877801191,120.98702185
2023-10-31 10:02:57,908c54e5aca8,18.0,14.5824931141,120.989652104
2023-10-31 09:04:06,290a7adb1e87,70.0,14.583646724,120.983844324
2023-10-31 01:08:05,d6058e9510dd,3.0,14.582312966,120.988679715
2023-10-31 11:02:06,3c50d7a32a37,69.0,14.5816311111,120.988086514
2023-10-31 13:10:58,a19d436bd817,24.0,14.5824600503,120.98177724
2023-10-31 06:05:02,5773b3e81410,89.0,14.5842272425,120.980025475
2023-10-31 08:04:06,ce74e8f879b6,62.0,14.5836676338,120.981630358
2023-10-31 10:06:01,903a44526e1a,72.0,14.5869738559,120.986042627
2023-10-31 14:02:00,794765f33263,7.0,14.581259143,120.980748368
2023-10-31 05:06:01,3efc0fa8d47b,16.0,14.5885639766,120.985167091
2023-10-31 00:04:59,0b7ec9018659,41.0,14.5890260229,120.987462428
2023-10-31 12:05:57,1337f459071b,5.0,14.5897885429,120.980794554
2023-10-30 23:09:02,cb86a255be9b,18.0,14.588411584,120.988600107
2023-10-31 14:07:02,5479c9f39faa,38.0,14.5846107149,120.986332757
2023-10-31 06:03:57,1355c364fbd2,85.0,14.5861235037,120.984801447
2023-10-31 09:05:04,ca0fbb826065,20.0,14.5863142673,120.986135426
2023-10-31 00:09:59,bba86023e163,53.0,14.5877193246,120.988501995
2023-10-31 12:03:57,f6ec41810fea,13.0,14.5880521933,120.987404628
2023-10-31 08:11:02,85671e1e02e8,32.0,10.7921450369,106.657162101
2023-10-31 05:02:00,4b2a87aa8933,87.0,10.7981922086,106.653727914
2023-10-31 09:05:59,72a431ae0303,53.0,10.7903410542,106.654054948
2023-10-31 09:02:57,3be75cc58ed3,52.0,10.7976690478,106.654916913
2023-10-30 23:06:04,e4083794a1a8,46.0,10.7960687607,106.658561044
2023-10-30 23:07:59,913644cd2a12,45.0,10.79569177,106.655052242
2023-10-31 11:07:04,fe4ca027024b,33.0,10.7982001549,106.653627763
2023-10-30 23:03:58,414bbaef6449,24.0,10.7952284524,106.658916059
2023-10-31 09:03:05,a0ae9013b6af,26.0,10.7958458441,106.653391089
2023-10-31 14:10:00,f54ad1563555,93.0,10.7975301854,106.659343054
2023-10-31 10:02:57,6f232cc41b6c,35.0,10.7924634456,106.653527758
2023-10-31 05:10:04,ee0f3834c327,68.0,10.7941191711,106.655676369
2023-10-31 06:03:58,a6192032e34b,68.0,10.7905028093,106.659420962
2023-10-31 02:06:05,435eae989388,69.0,10.798395882,106.656414481
2023-10-31 09:09:57,1866428f0f03,23.0,10.793828529,106.657742957
2023-10-31 12:09:04,f8da31f9f1fd,81.0,10.7926861651,106.652942549
2023-10-31 06:08:03,e2dc808037e7,81.0,10.7995886574,106.6579852
2023-10-31 12:06:03,4b03da89f399,55.0,10.7970345181,106.656277656
2023-10-31 01:08:00,1c1c241b1c70,75.0,10.7916104663,106.652206876
2023-10-31 01:05:05,2c43a6dd8b0d,64.0,10.7923880922,106.653772691
2023-10-31 13:05:06,fb6646741526,25.0,10.7907234698,106.651949104
2023-10-31 03:06:59,e1d5b03cd17e,23.0,10.7962844783,106.6526506
2023-10-31 01:01:57,696fc2a4a7c1,31.0,10.7990058586,106.650725307
2023-10-31 00:03:57,4a938cc06761,90.0,10.7958163758,106.651587373
2023-10-31 10:06:04,648f6b1c8426,83.0,10.797829496,106.653475227
2023-10-31 07:08:05,1e04195ca77a,45.0,10.7995659332,106.658420022
2023-10-31 11:09:01,1e334a92c23a,4.0,10.7963095943,106.653294935
2023-10-31 03:02:58,85176af5cbd2,1.0,10.7940896967,106.653980465
2023-10-31 07:07:05,efef7682f16f,56.0,10.7980369086,106.65148428
2023-10-31 03:10:02,3946f4ce8cfe,83.0,10.7948457855,106.652440572
2023-10-31 14:02:00,2e77d36ad9fd,57.0,10.7948592595,106.654575391
2023-10-30 23:06:01,cad6243bdb8b,90.0,10.7908174002,106.656472594
2023-10-31 11:05:59,0879680bc9d5,40.0,10.7985181645,106.657737866
2023-10-31 12:03:59,4c1ed22a1fe1,95.0,10.7901842008,106.657210278
2023-10-31 08:04:59,1d54d44af723,32.0,10.792214811,106.654597651
2023-10-31 08:04:05,d39c4bc758d8,75.0,10.7961539769,106.658591659
2023-10-31 07:05:58,7461846f0f11,24.0,10.7985676902,106.654799947
2023-10-31 05:07:05,c80e079510a2,69.0,10.7958681322,106.655542676
2023-10-31 08:02:00,3863fda41799,91.0,10.7939852726,106.654248315
2023-10-31 07:03:00,d2efb4d30a35,90.0,10.7907473832,106.65259316
2023-10-31 04:11:04,2e6325b0adfe,95.0,10.792231944,106.655283578
2023-10-31 05:08:02,b07f7bf948b8,52.0,10.798861972,106.651589372
2023-10-31 02:07:05,3d8e6b872c35,67.0,10.7991771091,106.654850342
2023-10-31 04:02:04,a7032916112b,21.0,10.7904897631,106.651197598
2023-10-31 04:11:04,48814239286a,30.0,10.7986470911,106.657796901
2023-10-31 06:07:05,adcfb57f2d5c,57.0,10.7914502128,106.658010682
2023-10-31 10:10:57,f626c5a93330,54.0,10.7983924308,106.650328082
2023-10-31 04:05:57,9aafdfa5ac99,58.0,10.7979107638,106.659520598
2023-10-31 07:07:02,01db62f5fe5f,66.0,10.7944051542,106.651524757
2023-10-30 23:10:02,cafb776d10c1,8.0,10.7960639705,106.653722338
2023-10-31 12:06:01,212ef7f9473d,15.0,10.7927781603,106.653274524
2023-10-31 02:06:05,8d309f0f4088,94.0,10.7936281191,106.653076729
2023-10-31 04:07:01,fbdd957f801e,28.0,10.791033982,106.658926697
2023-10-31 00:01:59,5201e3bb76a1,86.0,10.7973879084,106.651496628
2023-10-31 04:02:05,8a7b787712ab,60.0,10.7998374255,106.659027454
2023-10-31 12:04:01,df1837d22677,92.0,10.7930055458,106.653467073
2023-10-31 13:05:05,6efdba880c65,32.0,10.7907464567,106.654309952
2023-10-31 12:02:03,5275ec72b766,52.0,10.7999314829,106.656426147
2023-10-31 04:06:03,398618a69bfe,43.0,10.790432849,106.650691304
2023-10-31 11:05:01,48f3af908018,4.0,10.79019861,106.650587183
2023-10-31 05:11:06,c24a37011512,100.0,10.7961673321,106.656010455
2023-10-31 09:10:59,01740c316f8c,49.0,10.7937325093,106.658301285
2023-10-31 13:06:58,5cbb244fd538,69.0,10.7991199145,106.658870865
2023-10-30 23:07:00,089765838ebb,98.0,10.7931327168,106.658770462
2023-10-31 11:04:04,3b821d90eedc,73.0,10.7994638042,106.655454456
2023-10-31 00:03:05,54c36b78658d,73.0,10.7974300677,106.654199328
2023-10-31 14:09:02,a56314832796,56.0,10.7913477704,106.653427449
2023-10-31 09:04:00,e153e21272d8,77.0,10.794970982,106.657445018
2023-10-31 01:02:03,db5c7568148b,49.0,10.7921271695,106.655221639
2023-10-31 05:04:04,a5a96a049055,78.0,10.7920832129,106.650915148
2023-10-30 23:04:57,4b59096a6c41,48.0,10.7943922836,106.650870737
2023-10-30 23:08:05,91be88f247d8,35.0,10.7983979432,106.652434814
2023-10-31 08:07:00,02b2a942b74d,93.0,10.7937433816,106.654076777
2023-10-31 08:05:59,439be1fdc4cf,17.0,10.7909787608,106.654612181
2023-10-31 01:06:00,9a05194680bb,54.0,10.7984130253,106.652391056
2023-10-31 03:09:03,e4b96623fc75,2.0,10.791729379,106.653601419
2023-10-31 02:07:06,798c9b66674b,27.0,10.7967195721,106.655079479
2023-10-31 01:01:59,50c79408791e,28.0,10.7955825654,106.656245665
2023-10-31 03:04:04,6b4ad2baaf0f,41.0,10.7941804022,106.656742825
2023-10-31 04:09:03,3fcb5cb555e0,100.0,10.7999361109,106.656865544
2023-10-30 23:01:57,40738b480bae,50.0,10.798033105,106.653426546
2023-10-31 06:10:03,77fde5184a5d,49.0,10.7959305794,106.656811746
2023-10-31 07:05:58,abeb2ebcb2f2,90.0,10.7988256483,106.658170368
2023-10-31 07:02:57,3806708169d8,31.0,10.7933465216,106.65496638
2023-10-31 13:05:05,2980c6b4959b,71.0,10.7972262963,106.651604393
2023-10-31 12:10:01,ce3f65654579,28.0,10.7939928344,106.650586597
2023-10-31 10:04:06,0d0d128cd546,46.0,10.7992690499,106.657322656
2023-10-31 00:07:00,54384ffa5730,50.0,10.794896274,106.658260947
2023-10-30 23:02:05,34c286a0c689,98.0,10.7963880302,106.651930396
2023-10-31 13:05:06,4f01bb232501,70.0,10.7938703659,106.656225836
2023-10-31 02:06:58,51fb8328b75a,57.0,11.5570521324,104.870020904
2023-10-31 10:04:58,491daa7d6683,80.0,11.5546892342,104.879165794
2023-10-31 07:03:01,bd29b115d765,4.0,11.5538055197,104.873742775
2023-10-31 01:08:02,776da73afcbc,6.0,11.557548453,104.872307327
2023-10-31 04:10:01,f27dbe1ba02e,47.0,11.5559533538,104.873150395
2023-10-31 09:02:05,752026315e8d,41.0,11.5570299757,104.871330516
2023-10-31 10:09:57,fa73084b5f05,87.0,11.5535099445,104.876404231
2023-10-30 23:02:06,17ead1d257d9,12.0,11.5569415797,104.878816578
2023-10-31 01:08:06,a14fe2bb08cf,50.0,11.5558563217,104.871503016
2023-10-31 13:04:05,3a9abf2f4772,24.0,11.5519965444,104.871764415
2023-10-31 05:09:04,ff8983ba6632,98.0,11.5540456548,104.872477296
2023-10-30 23:08:57,0b82b5bb8568,64.0,11.5523647924,104.872471976
2023-10-31 11:01:57,6910a8af793d,8.0,11.5577908692,104.879060915
2023-10-31 00:03:05,86f594083344,2.0,11.5510850013,104.8775248
2023-10-31 10:07:05,bdcdacc4b5dd,4.0,11.5522928472,104.87921857
2023-10-31 10:05:05,808ad430fda3,29.0,11.5512354808,104.870524858
2023-10-31 03:07:58,286788def0e3,53.0,11.5577370275,104.876026559
2023-10-31 11:07:59,1e0cd95feab3,32.0,11.5511342037,104.873739327
2023-10-31 12:07:02,cc6a8723d2e7,70.0,11.5550840587,104.874658854
2023-10-31 02:10:03,6519bcc55431,27.0,11.5515613459,104.877275419
2023-10-31 13:10:00,6197379cfa0b,91.0,11.5521746818,104.872180375
2023-10-31 00:04:05,65619bf897d8,2.0,11.5593554325,104.872090947
2023-10-31 05:03:58,54a285f2973c,96.0,11.5574744036,104.876193292
2023-10-31 14:08:01,f2f3eb9868f5,74.0,11.5535864452,104.878275783
2023-10-31 04:09:57,2de98cd5919f,57.0,11.5564538143,104.877484249
2023-10-31 13:03:01,8a2facc3dfa9,44.0,11.5533833687,104.870718587
2023-10-31 02:06:57,cbc64e0a0eb6,69.0,11.5593288374,104.873381387
2023-10-31 02:07:03,80eb8fad1381,67.0,11.557808445,104.87699633
2023-10-31 09:05:04,28b7d528483f,8.0,11.5556566184,104.87443352
2023-10-31 05:10:06,0c0cbdcec6d3,65.0,11.5533894635,104.877608619
2023-10-31 06:03:06,1e871b08a7f8,75.0,11.5547641332,104.871050222
2023-10-31 09:08:02,52da5a3116b9,4.0,11.5556379731,104.874361464
2023-10-31 04:08:01,5f5b284db8fd,46.0,11.5508162767,104.878847985
2023-10-31 04:09:06,d83d325436b2,89.0,11.5586825798,104.877825892
2023-10-31 05:08:02,fbf63ed7e2d0,68.0,11.5597493172,104.876919739
2023-10-31 05:02:57,db41a4e20f74,18.0,11.5573063605,104.870304167
2023-10-31 00:07:59,c1fc9c6f6d0f,50.0,11.5574442715,104.874637142
2023-10-31 07:02:57,bc5fcdc93664,47.0,11.5552643391,104.874608079
2023-10-31 06:10:04,5046b2888485,35.0,11.5529166795,104.878475357
2023-10-31 04:02:05,5bbbd6a5a265,85.0,11.5558933853,104.8762568
2023-10-31 06:05:58,651ea0e24b56,52.0,11.5514000234,104.876640952
2023-10-31 05:06:59,f3ae60eb0239,98.0,11.5525814675,104.87526381
2023-10-31 05:01:58,7b6436d1c4ab,94.0,11.5558465586,104.874071046
2023-10-31 03:05:03,bb88cbdf8ae1,94.0,11.5507272408,104.878875214
2023-10-31 08:11:06,7860aaf29d62,46.0,11.5537010545,104.874232445
2023-10-30 23:09:03,06c636c2d9bc,1.0,11.5549193413,104.874732617
2023-10-31 04:06:04,504449a4c134,91.0,11.5548420326,104.878842767
2023-10-31 00:08:02,7c2b374c4542,52.0,11.5546203152,104.873741121
2023-10-31 14:05:06,5e52c5516d76,61.0,11.5572062302,104.873520455
2023-10-31 01:08:01,8322b86026e1,74.0,11.551734058,104.877305408
2023-10-31 02:04:02,d9d2753cedca,30.0,11.5511038527,104.875566882
2023-10-31 13:03:00,dad2870a580a,22.0,11.5556644827,104.875270077
2023-10-31 04:06:05,1530f463c4f4,44.0,11.5542320354,104.873556259
2023-10-31 09:10:00,a74f83ffc6a6,10.0,11.5559225906,104.876097253
2023-10-31 09:04:59,2d7ff6689d0f,36.0,11.5566281588,104.873452479
2023-10-31 04:06:59,2b74d0f5fb92,20.0,11.5595767053,104.871051289
2023-10-30 23:03:03,04abab7cf8f4,23.0,11.5564479435,104.879149205
2023-10-31 00:04:59,3912d7e2f040,22.0,11.5534420167,104.871088691
2023-10-31 11:03:02,4e22beb795e6,68.0,11.5527505838,104.876150173
2023-10-30 23:07:04,15c2438e8bab,7.0,11.5531809147,104.875590795
2023-10-31 04:02:01,47fce22f8e0d,85.0,11.5583974409,104.870197826
2023-10-31 09:09:00,00c296f1ce8e,24.0,11.5519369258,104.87256838
2023-10-31 07:09:57,0c3673c8c244,52.0,11.5590802973,104.872501062
2023-10-31 13:03:04,94cbcdcacef5,9.0,11.5591384283,104.877505561
2023-10-31 13:04:06,e3057d1e827f,54.0,11.5562342088,104.87092253
2023-10-31 08:08:06,d45dd18ade6a,85.0,11.5532019834,104.870319476
2023-10-31 10:08:57,05c3376461d8,52.0,11.5507249245,104.879140385
2023-10-31 07:05:00,485a08f49d1e,33.0,11.5597604738,104.874544146
2023-10-31 07:11:04,39871521a29e,91.0,11.5527565828,104.879230616
2023-10-31 10:04:00,206154a2ff96,41.0,11.5519460118,104.872250478
2023-10-31 08:03:57,adac955c5ebc,85.0,11.5557388232,104.875597197
2023-10-31 03:09:58,c608b3cb83e9,21.0,11.5543918313,104.870289085
2023-10-31 01:09:04,518af760d2a1,18.0,11.5568754501,104.874539032
2023-10-31 03:08:59,e057db4cde66,68.0,11.550721269,104.879248432
2023-10-31 10:04:06,62d6e518f933,76.0,11.5578886833,104.871689537
2023-10-31 07:02:57,a1e88b38bc78,91.0,11.558388026,104.874807448
2023-10-31 06:11:00,73c0e0836177,100.0,11.552837518,104.875069808
2023-10-31 00:09:04,71703fc49d51,93.0,11.5590780452,104.875220735
2023-10-31 03:05:01,bee0bb5b6b0f,75.0,11.5579858553,104.874719589
2023-10-31 03:03:59,e9663ba7a21b,56.0,11.551925163,104.8737091
2023-10-30 23:08:58,24f4c93c6683,51.0,11.5588401749,104.873756146
2023-10-31 14:02:57,11e43ddbe91a,15.0,11.5519040005,104.874118691
2023-10-31 00:11:02,7b9a1c7fec92,29.0,11.5523305168,104.878922015
2023-10-31 14:03:00,c9b91a338215,15.0,11.5559434829,104.87051363
2023-10-31 01:09:00,1a7b8ca7a406,87.0,11.5530357834,104.870017528
2023-10-31 09:07:02,aba5b1f01fa0,18.0,11.5569639726,104.87363134
2023-10-31 09:10:58,9bd50d6f6357,26.0,11.5538430303,104.872727337
2023-10-30 23:06:06,7a5e6e0d99fb,52.0,11.555865973,104.879154122
2023-10-31 05:10:05,ddb22001d903,10.0,11.5599848275,104.877879387
2023-10-30 23:08:02,d57e5212226c,26.0,11.5530847507,104.873110183
2023-10-31 09:07:00,5de60ed4b891,19.0,13.7484361547,100.505405957
2023-10-30 23:11:05,56b35bae9981,24.0,13.7454209209,100.500857761
2023-10-31 08:10:01,5bda6f9fafb3,70.0,13.7484097457,100.502262996
2023-10-31 09:06:57,a80bf3b16b4f,11.0,13.7461430163,100.506747295
2023-10-31 02:11:03,70c2e3638603,59.0,13.7475075747,100.501679372
2023-10-31 02:10:58,1b5bf34dc9b8,79.0,13.7492104742,100.50752167
2023-10-31 13:03:04,74dc6853415e,55.0,13.7468980894,100.507167014
2023-10-31 11:09:59,6e4513a01369,2.0,13.7417598234,100.506848138
2023-10-31 02:11:00,37572dbb2057,74.0,13.7462635952,100.5033443
2023-10-31 13:02:57,bf1249184fd1,57.0,13.7486538021,100.503550852
2023-10-31 10:06:04,bf261fd26aaa,22.0,13.741849093,100.505869661
2023-10-31 10:07:04,03711358a547,74.0,13.7417361276,100.502260917
2023-10-31 11:08:05,de98904de0ed,20.0,13.7436169884,100.505970032
2023-10-31 08:09:00,828b2e5268cc,41.0,13.7491711914,100.503173045
2023-10-31 11:01:59,f791a05d0fd0,79.0,13.7420698015,100.507476051
2023-10-31 11:05:01,92ec876d0109,47.0,13.748331985,100.508608353
2023-10-31 02:11:04,690b254ee949,48.0,13.7449825445,100.507966855
2023-10-31 08:04:00,70dd0aadaf0c,31.0,13.7488835145,100.500485681
2023-10-31 04:05:02,f121b5056538,20.0,13.7461259142,100.501478359
2023-10-31 01:03:03,f7b8d79f5a16,59.0,13.7433275731,100.505929369
2023-10-31 07:01:57,9a1b9bf8dfbd,55.0,13.7424161663,100.502607894
2023-10-31 14:05:01,e20f9931a090,78.0,13.7440914514,100.506622745
2023-10-31 12:02:02,b68ffda37c4a,25.0,13.7470644659,100.506996677
2023-10-31 02:08:04,392bb583d419,17.0,13.744414848,100.502751039
2023-10-31 03:05:01,f1abe067935a,95.0,13.7446584554,100.50013672
2023-10-31 14:02:06,d3a748d6e2b6,47.0,13.7440862764,100.502423681
2023-10-31 13:10:06,68c362c00bf5,95.0,13.7462438438,100.508731437
2023-10-31 03:11:01,a647b0a75e86,44.0,13.7488340417,100.506964775
2023-10-31 04:02:00,6ececf1de632,16.0,13.7487042421,100.501557089
2023-10-31 12:04:58,bda0fecd30f5,60.0,13.7492422686,100.501456631
2023-10-31 02:08:06,a6a0b99a4c5b,81.0,13.747373633,100.507691545
2023-10-31 00:03:06,84f32e163ca0,94.0,13.7412957569,100.508354841
2023-10-31 08:02:01,28c8dad43237,98.0,13.7416389924,100.504485238
2023-10-31 12:09:04,3224ffb777e8,8.0,13.7476907891,100.506054092
2023-10-31 00:07:06,56dc50a378b6,34.0,13.7419016004,100.505643233
2023-10-31 00:05:59,f37d83566b8e,29.0,13.7459445619,100.501644348
2023-10-31 05:02:57,dea282641363,22.0,13.7462053214,100.502725415
2023-10-31 03:06:05,6ba7a238e95e,92.0,13.7433741988,100.501786716
2023-10-31 08:02:06,393593ccdd3a,79.0,13.7476910637,100.508784676
2023-10-30 23:02:57,5d9ce81c2930,76.0,13.741554273,100.508357561
2023-10-30 23:09:02,f11ed1e39d23,50.0,13.7405122682,100.504946006
2023-10-31 00:08:59,11022580b05d,89.0,13.7457141728,100.508662275
2023-10-31 08:03:00,0e8c5e6a28e6,14.0,13.7478085197,100.500569288
2023-10-31 07:04:58,e9930eedcc24,39.0,13.7482889755,100.508864787
2023-10-30 23:06:02,b16af10c8af4,23.0,13.7443399568,100.502036886
2023-10-31 14:04:58,add4bf9f39d6,31.0,13.7403559454,100.50446079
2023-10-31 10:05:02,a9945faf6343,7.0,13.740713318,100.504193326
2023-10-31 10:03:00,ad88e6420ab9,40.0,13.7406421431,100.503797662
2023-10-31 08:11:02,14c5d497b79e,69.0,13.7404171781,100.508732245
2023-10-31 12:10:02,667a347e1399,5.0,13.7458443332,100.505950509
2023-10-31 12:07:57,d4c416e04f00,69.0,13.7447146035,100.501267382
2023-10-31 14:01:57,8c9330f4dec3,75.0,13.7407205844,100.50331515
2023-10-31 11:03:04,3d9f6f552db1,85.0,13.7459967496,100.503771232
2023-10-31 14:04:00,8814fcc4ce04,74.0,13.7469005105,100.502702272
2023-10-31 01:08:59,d58afc4caf83,46.0,13.7483559227,100.505777537
2023-10-30 23:10:02,1e934d61f472,17.0,13.7489461563,100.505736907
2023-10-31 07:05:06,0f0ca7f9bece,65.0,13.7460926112,100.507334282
2023-10-30 23:03:05,466b2669cf5a,42.0,13.7416973071,100.500681004
2023-10-30 23:10:03,dccc0c6c2f15,4.0,13.7483143753,100.501114521
2023-10-31 04:04:59,17d3afb8a271,85.0,13.7464819651,100.50717024
2023-10-31 07:03:05,efac329f69ac,17.0,13.7490963438,100.502446697
2023-10-31 06:03:00,212d05e3c58d,28.0,13.7467706984,100.507222203
2023-10-31 05:06:03,9d299a89c529,55.0,13.7464308314,100.507134518
2023-10-31 09:10:59,f4c62ab8bf9c,49.0,13.7495881926,100.50183392
2023-10-31 07:04:04,36145a128aa2,11.0,13.7429074159,100.507865466
2023-10-31 13:02:03,046161cddb00,52.0,13.7455982738,100.503461402
2023-10-31 01:05:02,623336e4f922,5.0,13.7419275072,100.506197548
2023-10-31 02:01:59,392e3620a60b,75.0,13.7474896072,100.509727831
2023-10-31 03:08:59,5ce56c94a792,12.0,13.7423964174,100.500362474
2023-10-31 07:03:57,c7844eb0c4f5,78.0,13.74325221,100.500929881
2023-10-31 05:05:04,4cc0f7d58750,52.0,13.7426256265,100.50579946
2023-10-31 06:09:58,6892656ef6b0,64.0,13.7464695678,100.50718046
2023-10-31 03:10:06,914827992526,5.0,13.7405862021,100.509078311
2023-10-31 14:07:57,6e9231c08a4c,66.0,13.7479316864,100.505573915
2023-10-31 10:08:02,6988148a59c5,72.0,13.7498686412,100.50430753
2023-10-31 02:04:00,722ffa76a95e,77.0,13.7467431715,100.509276999
2023-10-31 02:10:02,7512d915a5f5,74.0,13.7487317427,100.504927953
2023-10-31 11:07:57,b081c2f70c42,75.0,13.746144448,100.5093899
2023-10-31 07:05:00,65f25f72e704,58.0,13.7416904464,100.504128142
2023-10-30 23:06:05,0fd55370efd6,90.0,13.7488698946,100.508484809
2023-10-31 10:07:59,46cd21e667f7,84.0,13.7462379811,100.503289503
2023-10-31 02:09:02,4a8d45efb511,18.0,13.7480884932,100.502445263
2023-10-31 09:07:57,3766659568d2,99.0,13.7454764918,100.507872297
2023-10-30 23:03:00,cce6ed2e0dd9,3.0,13.7456320937,100.500310819
2023-10-31 06:03:03,5f1aa4c29f4b,40.0,13.7411192901,100.507661514
2023-10-31 12:03:06,46bf9f2f24c0,78.0,13.7446935166,100.501837849
2023-10-31 10:02:01,67c8e294f597,41.0,13.7487128976,100.507254473
2023-10-31 02:06:03,bc903405e7b4,54.0,13.7450414725,100.507873769
2023-10-31 09:04:57,1ca164f11da9,56.0,13.748875878,100.503749447
2023-10-31 01:06:02,b11b83dc2756,6.0,13.7459752578,100.505827136
2023-10-31 09:10:01,977fb17ef171,85.0,23.799830554,90.4065562064
2023-10-31 01:01:57,6cd1effe0b8f,100.0,23.7978015692,90.4027442421
2023-10-31 04:10:02,af57a3ab8a56,7.0,23.7924700724,90.4079876182
2023-10-31 09:06:02,3353524297b8,96.0,23.7935708882,90.4067965889
2023-10-31 04:06:03,38033c81c93d,7.0,23.7937086667,90.4021721267
2023-10-30 23:05:02,de7bc27d16c4,15.0,23.7919065427,90.4004543614
2023-10-31 08:10:01,92fe1e6c45c7,58.0,23.7939532892,90.4049128334
2023-10-31 01:08:00,3fe5496d750f,5.0,23.7973160372,90.4009404211
2023-10-31 04:02:57,6038904dd0a8,29.0,23.7930049486,90.4007431057
2023-10-31 03:10:04,384f0e645f76,63.0,23.7983917965,90.4002219947
2023-10-31 03:07:01,52b569e42e6f,27.0,23.7922487411,90.409952701
2023-10-31 12:02:05,d780e57383a7,89.0,23.7987197233,90.409914524
2023-10-31 12:11:00,9e10e489c2ff,93.0,23.7926839954,90.4019433244
2023-10-31 14:04:00,fdc2ba9635cf,37.0,23.7961156102,90.4004556363
2023-10-31 09:04:57,f7b63855d3cd,31.0,23.793687465,90.4079645096
2023-10-31 00:06:05,86a988725d9d,67.0,23.7945026791,90.4057301002
2023-10-31 10:06:04,9d803998a321,68.0,23.7992596215,90.4020246605
2023-10-31 05:03:05,157f99be880f,94.0,23.7973460186,90.4079270368
2023-10-31 04:08:57,24228501dcc3,88.0,23.7928076997,90.4031876539
2023-10-31 14:08:57,669813743b4e,91.0,23.7929599635,90.4028226849
2023-10-31 02:11:01,2f01bc45042c,24.0,23.7985368403,90.4073768879
2023-10-31 00:04:02,016e4c877b70,11.0,23.7968628546,90.4056295079
2023-10-31 13:06:02,e6b5681f6bc4,95.0,23.7902338957,90.4085442355
2023-10-31 00:04:04,cae1b25746d0,5.0,23.7995930648,90.4095683465
2023-10-30 23:06:00,ac1f638abb49,81.0,23.7974205115,90.4058560535
2023-10-31 03:04:57,ac46628618bd,54.0,23.7964771335,90.4000153129
2023-10-31 04:02:06,28efd7437f1d,1.0,23.798282058,90.4030239537
2023-10-31 09:08:57,f8ab3f90cdad,78.0,23.7933153433,90.4071489678
2023-10-31 13:05:03,8b9db892bb5a,14.0,23.7981856357,90.408823978
2023-10-31 10:07:01,99eee57e6461,8.0,23.7922287004,90.4089902767
2023-10-30 23:10:05,c7728dd779ec,86.0,23.7991624735,90.409268354
2023-10-31 04:08:02,1a041ff90684,18.0,23.7977742614,90.4098889232
2023-10-31 06:09:02,e2420e23ab39,32.0,23.797838198,90.400551858
2023-10-31 11:02:59,d844bbbab537,25.0,23.7906652103,90.4049833946
2023-10-31 01:08:04,41e9f4713a3f,72.0,23.7963244216,90.4068807511
2023-10-31 02:08:06,5d0f14f386a1,72.0,23.7966825298,90.4030633233
2023-10-31 09:07:01,a335798ac131,2.0,23.7975200084,90.4062538564
2023-10-31 10:02:00,f3253cfa456e,15.0,23.797675353,90.4075431619
2023-10-31 12:08:01,6668618db515,67.0,23.7939221279,90.4094141367
2023-10-31 02:06:02,596ff75420fc,92.0,23.796031512,90.4016722627
2023-10-31 13:08:03,f446f1c43f34,33.0,23.792015395,90.4001640457
2023-10-31 04:03:06,3a9262f0ad77,30.0,23.7953806606,90.4023977394
2023-10-31 10:04:59,8126be293322,100.0,23.7900076601,90.4058010407
2023-10-31 13:08:58,db70256e2ac1,27.0,23.7903629879,90.4007994485
2023-10-31 10:06:00,2b75e63f1c48,97.0,23.7907396893,90.4079452874
2023-10-31 05:06:01,b2253db5b949,54.0,23.7998554097,90.4041912979
2023-10-31 05:07:01,ffd45d540178,44.0,23.7978263323,90.4000457814
2023-10-31 01:08:02,bb043dcc0457,4.0,23.7910687977,90.4096063616
2023-10-30 23:11:06,26fd9af63f62,39.0,23.7909219391,90.4081781236
2023-10-31 02:08:01,638d7f886317,84.0,23.7919048701,90.4044473047
2023-10-31 08:02:58,43830eab3234,18.0,23.7981151622,90.4062446402
2023-10-31 10:11:01,bdbbfed70a12,90.0,23.79749529,90.4089486533
2023-10-31 09:03:58,81e76265a097,40.0,23.7923648505,90.4039472573
2023-10-31 08:03:59,1c79d8de6ab2,14.0,23.7924073172,90.4027251089
2023-10-31 02:07:00,fae1c18cb4e3,39.0,23.7968235543,90.4092063924
2023-10-31 01:04:01,065d64384f87,22.0,23.7946033957,90.407708839
2023-10-31 04:02:58,6d7daca73693,44.0,23.7954055623,90.4013455953
2023-10-31 03:05:57,501fc60bc8af,74.0,23.7917731713,90.407353142
2023-10-31 04:10:03,43aafb8b6d37,19.0,23.7982324041,90.4085970429
2023-10-31 10:10:57,e04a2bceaec9,55.0,23.7964052808,90.4002136902
2023-10-31 02:04:01,b62660f72496,70.0,23.7999311438,90.402942388
2023-10-31 13:04:58,f6e63469cb6f,22.0,23.7977122354,90.4003993344
2023-10-31 05:03:04,eb7e1bb2410f,22.0,23.7978644871,90.4037777656
2023-10-31 03:04:02,c977d7ea99d4,11.0,23.7929127749,90.4028902818
2023-10-31 09:05:00,aef493c103c0,41.0,23.7981423754,90.4006761437
2023-10-31 07:06:04,97b57f1d8bec,89.0,23.7956363843,90.4033294974
2023-10-31 09:05:06,0ff51b0ec3e0,7.0,23.7994651643,90.4027209361
2023-10-30 23:03:59,8584900de1c6,20.0,23.793636905,90.4032077545
2023-10-31 00:08:01,b28ded78bd69,85.0,23.7993277375,90.4031739643
2023-10-31 12:03:03,0bb074a2e4d0,89.0,23.797507951,90.4031865036
2023-10-31 09:11:06,75acab021dab,73.0,23.7955102437,90.4059291568
2023-10-31 11:07:06,a19ffc1467dd,39.0,23.7967019654,90.4049293924
2023-10-31 00:06:03,59727bd0c3d3,69.0,23.7967290462,90.4030670094
2023-10-31 00:09:01,72f895cc95f5,18.0,23.7940013552,90.4029632176
2023-10-31 11:04:04,2d3c54cd119c,79.0,23.7995357444,90.4089477283
2023-10-31 11:08:06,b6372a6081a8,81.0,23.7963971594,90.4060514354
2023-10-30 23:02:02,3c36f7df79c2,35.0,23.7960019661,90.4055660415
2023-10-31 12:08:06,d1bda07d8cd0,74.0,23.7924926431,90.4049306075
2023-10-31 11:10:01,39e1e55694e5,58.0,23.7990739917,90.4054793669
2023-10-31 08:07:57,45a2b38f2fa7,93.0,23.7999790757,90.4026190414
2023-10-31 03:08:05,c394d6bdde4f,85.0,23.7933871261,90.4029082517
2023-10-31 03:02:02,03058929d6dd,61.0,23.7960241632,90.4034496922
2023-10-31 10:09:06,52272e911973,76.0,23.7900137888,90.4042380466
2023-10-31 01:05:03,9efd4e8f090b,39.0,23.7997891941,90.4014696237
2023-10-31 02:02:59,e49de4bcae9e,54.0,23.7974688176,90.4064516017
2023-10-31 13:05:06,79de200911d0,18.0,23.7949505142,90.4054066351
2023-10-31 07:10:05,5576a0f36226,33.0,23.7917600436,90.4071042084
2023-10-31 05:07:04,9150989b3a00,41.0,23.7979148171,90.4089377707
2023-10-31 08:07:57,1ebef595720b,99.0,23.7979879597,90.40024812
2023-10-31 13:02:04,7ddc24146189,12.0,23.792987336,90.4000181379
2023-10-31 04:02:05,7b5060ee91c4,93.0,33.7210515717,73.0529114683
2023-10-31 10:02:04,e573a0cadb3d,13.0,33.7252216519,73.0550124793
2023-10-31 04:08:02,46dfbbe283ff,59.0,33.7241067327,73.0513906692
2023-10-31 05:04:05,ee12fd1a5d5e,59.0,33.721907103,73.0510979295
2023-10-31 04:04:02,ad14a7c037c1,81.0,33.7264815104,73.0591979643
2023-10-31 04:07:01,b5d74cc6ff08,42.0,33.7276167446,73.0513316457
2023-10-31 05:06:57,8626593070ab,67.0,33.7267757755,73.0523556919
2023-10-31 12:03:57,61b384964958,57.0,33.7221561707,73.0575384445
2023-10-31 02:09:57,610fe95a6416,15.0,33.7206756477,73.0569565565
2023-10-31 11:11:00,401e1c01a659,19.0,33.7202811398,73.0523778636
2023-10-31 11:05:00,9681624bfa21,9.0,33.7229600354,73.0542416719
2023-10-31 10:03:58,d82714a2331d,80.0,33.7271118992,73.0512982266
2023-10-31 06:09:04,68addc81331f,67.0,33.7208552811,73.0594688327
2023-10-31 03:07:59,9002118f7f3e,59.0,33.7273060437,73.0505699229
2023-10-31 06:10:03,3ce891e8b296,51.0,33.7227110273,73.0579859292
2023-10-31 14:10:01,8f5d0f3b48e1,23.0,33.7288506188,73.0556965196
2023-10-31 00:05:05,e74ae13ea6b2,23.0,33.7207864046,73.0552444603
2023-10-31 06:10:58,d46793ebb2d5,81.0,33.7293996807,73.0511321807
2023-10-31 06:07:58,14a8766279c6,52.0,33.7228925025,73.0508991279
2023-10-31 12:06:00,1a2457f69498,13.0,33.7214060933,73.0573390688
2023-10-31 10:03:58,26053637416c,93.0,33.720882071,73.0593429753
2023-10-31 04:02:59,193939564857,56.0,33.7209857694,73.0512685296
2023-10-31 00:11:05,7e26fd96f7a1,7.0,33.7297777935,73.0535644114
2023-10-31 03:10:04,f994e31fb43d,30.0,33.7232317071,73.0585393784
2023-10-31 10:09:59,1a623c561a39,9.0,33.7255729245,73.0586503501
2023-10-31 00:02:57,d5520cdafa57,52.0,33.7247580911,73.0582633002
2023-10-31 00:09:58,74e6ad32d6ed,99.0,33.723351003,73.0599698248
2023-10-31 12:03:04,ee1b3e94d0e3,19.0,33.7274009419,73.0590138582
2023-10-31 03:02:58,4f8feedb8d5c,20.0,33.7246490063,73.0561394004
2023-10-31 08:04:00,e1c2dd9efbb2,73.0,33.7250878589,73.0524936055
2023-10-31 13:03:01,3096b9239058,99.0,33.7240656271,73.0559058899
2023-10-31 00:06:57,daffaa95d922,0.0,33.7222174183,73.0537101756
2023-10-31 08:04:02,73a0a03d5695,5.0,33.7200308571,73.058401865
2023-10-31 04:07:03,2a108438f676,3.0,33.7264093971,73.054176839
2023-10-31 05:01:59,ac38953a094a,43.0,33.7232600312,73.0578608436
2023-10-31 11:10:03,6bd3bf9cbf0d,66.0,33.7256481866,73.0594639413
2023-10-31 08:04:03,4e93c8aac8dc,13.0,33.7262601438,73.0515258764
2023-10-31 05:07:03,ff1f5cd2691f,100.0,33.7250480035,73.0503897521
2023-10-31 00:08:58,d555a22aab16,69.0,33.7260544893,73.056354474
2023-10-31 14:05:57,38b290f6e42f,94.0,33.7243240574,73.0528577911
2023-10-30 23:11:06,d2dc6a9f2d48,8.0,33.7285325785,73.0577238566
2023-10-31 01:10:57,49f540cfdddb,15.0,33.7288678824,73.0551499534
2023-10-31 12:07:59,11252e635f83,16.0,33.7258375833,73.0563331128
2023-10-31 02:03:01,ff17e08d32cc,74.0,33.727098415,73.0584755961
2023-10-31 12:02:03,561d353d7d09,4.0,33.7201897548,73.050480872
2023-10-31 05:07:58,1c82e68bf9d2,82.0,33.7285285893,73.0512933626
2023-10-31 02:07:57,6da71f2c161a,40.0,33.729642271,73.0550913762
2023-10-31 00:07:05,e836d90d16e8,35.0,33.7288598447,73.0554496284
2023-10-31 10:03:00,78ddc742224e,1.0,33.7256138884,73.0598850539
2023-10-31 13:04:03,581cb1caab2f,51.0,33.7240319284,73.0582788617
2023-10-31 08:11:02,bdae528d4ae2,25.0,33.7282512395,73.0530834658
2023-10-31 10:06:59,86824ae2ed56,59.0,33.7218243862,73.0518609653
2023-10-31 13:09:03,b9a78fef5ca8,52.0,33.7240505581,73.052194476
2023-10-31 05:05:05,ceb89086c657,39.0,33.7262278638,73.0505288249
2023-10-31 07:07:05,7818836fbc69,39.0,33.726999792,73.0516790404
2023-10-31 03:10:59,8a56efc722ec,81.0,33.7213902168,73.0522221249
2023-10-31 02:11:00,91c9b965435c,67.0,33.7225979455,73.0591313418
2023-10-31 06:02:02,78fe557424a0,99.0,33.7280613183,73.0594563221
2023-10-31 09:07:06,eefd99670aca,64.0,33.7233126123,73.0585463362
2023-10-31 07:04:06,98911d888e74,14.0,33.7259027433,73.0546295702
2023-10-31 00:11:04,cd52bd9286e6,38.0,33.7227320248,73.0532474518
2023-10-30 23:09:04,6ac605b4eedf,89.0,33.7264735824,73.0536213754
2023-10-31 07:04:59,8e385089b0d5,37.0,33.728439183,73.0551292655
2023-10-31 01:02:05,420b16b6623f,68.0,33.7218398827,73.053044625
2023-10-31 01:09:01,832f4c6ba74a,59.0,33.7255467393,73.0544362831
2023-10-31 07:02:01,3ab0691242ab,80.0,33.7277969356,73.0532131489
2023-10-31 00:06:05,078972910ece,43.0,33.7202255693,73.0532627635
2023-10-31 08:02:57,5a7d785697f7,71.0,33.7219791075,73.050036809
2023-10-31 09:07:06,191dc8a8b9a9,13.0,33.728606829,73.0568915178
2023-10-31 09:02:03,64cbd5be57c5,10.0,33.7276101655,73.0524742771
2023-10-31 08:09:02,9446e76d22f4,51.0,33.723047192,73.056956896
2023-10-31 05:07:05,7541c058a0d3,96.0,33.7248790214,73.0513874394
2023-10-31 05:02:03,12436a201cf5,41.0,33.7262638112,73.0582311244
2023-10-31 01:06:06,a15e3a714ef9,87.0,33.7284050732,73.0501468326
2023-10-30 23:05:05,b4615a9e48bc,48.0,33.729640375,73.0518512972
2023-10-31 12:09:04,7f81590a062c,47.0,33.7280432899,73.0579763648
2023-10-31 14:02:57,51c54025fd4a,38.0,33.7210890145,73.0553776179
2023-10-31 00:01:57,3fe1c572529a,18.0,33.7280774334,73.0574416989
2023-10-31 14:05:58,f715678e90f6,29.0,33.7219486366,73.0562639412
2023-10-31 03:07:57,948ce1f949b9,25.0,33.7218655548,73.0568656118
2023-10-31 13:05:05,ee05aa0609e0,41.0,33.7218356201,73.0505677358
2023-10-31 05:10:05,b536328c6df3,24.0,33.728574285,73.0569979343
2023-10-31 12:08:01,50cf740138fd,24.0,33.7262670877,73.0583122061
2023-10-31 09:11:06,9c2285e1c8b2,97.0,33.7224068954,73.0559489396
2023-10-31 14:10:03,0c118b02738d,73.0,33.7216691973,73.0575869149
2023-10-31 04:01:57,8d57113c8fa1,32.0,33.7248677734,73.0505228118
2023-10-31 03:01:59,2a8ce7d76fc4,90.0,33.7297243451,73.0516085924
2023-10-31 14:05:58,1a08a73fbbf2,33.0,33.7229524522,73.0546085932
2023-10-30 23:08:57,22b92b9aa94b,37.0,33.7272712642,73.0544091501
2023-10-31 14:06:57,8469624e0eca,94.0,33.7226240408,73.0510177236
2023-10-31 08:06:02,ba8b8c0c5c74,78.0,25.0350564185,121.548749352
2023-10-31 07:09:01,063bd09028aa,86.0,25.0346135243,121.54155777
2023-10-31 14:05:59,80db86a842fc,86.0,25.0362798118,121.549076789
2023-10-31 07:08:58,484ab0f5ff11,95.0,25.0389588807,121.548291814
2023-10-31 10:07:00,3353f79a0131,70.0,25.0388763819,121.540549401
2023-10-31 13:06:02,f2037f16d832,72.0,25.0384180376,121.54452911
2023-10-31 02:04:04,c5331d002bd7,90.0,25.0372401852,121.549918277
2023-10-31 13:09:01,90a0445cd5f7,86.0,25.0385827967,121.541930147
2023-10-31 11:02:58,f9ffde3ba5b9,52.0,25.0305101454,121.541736455
2023-10-31 14:11:06,c0459b9a8593,66.0,25.0354501485,121.549358919
2023-10-31 13:09:57,54c874927f4d,73.0,25.0321105787,121.543413995
2023-10-31 02:05:00,ebb54dca5c37,22.0,25.0366800885,121.548828712
2023-10-31 07:08:58,dc6952c9c328,41.0,25.0325756878,121.549783013
2023-10-31 01:04:04,cb5bbe415c8e,50.0,25.0376258502,121.544864251
2023-10-31 02:03:06,56ef3470e253,45.0,25.0315345774,121.544348971
2023-10-30 23:04:02,857093e123bc,55.0,25.0394457379,121.544961719
2023-10-31 02:07:05,03fd152bed2f,29.0,25.03555347,121.540755268
2023-10-31 08:11:01,a02aff14d8ff,84.0,25.0368687816,121.542807661
2023-10-31 04:01:58,ab78c055fcf6,84.0,25.0313037789,121.547040193
2023-10-31 02:05:01,b5007ef31194,60.0,25.0387516795,121.543608735
2023-10-31 12:08:05,3b690f303110,42.0,25.0360844479,121.548622226
2023-10-31 05:09:00,e2c40ce9e152,6.0,25.039200641,121.54857777
2023-10-31 08:04:57,92fabbb701a8,67.0,25.0338747031,121.542363197
2023-10-31 07:05:57,ea3bcebed7af,19.0,25.0363036926,121.540232369
2023-10-31 12:10:57,47053a98e4dc,10.0,25.0304709538,121.541868208
2023-10-31 12:06:59,b0d6f3511130,78.0,25.0317354872,121.547079898
2023-10-31 06:02:04,11148d6b5015,48.0,25.0301514995,121.541173151
2023-10-31 02:04:02,59f507d552b7,26.0,25.0306999614,121.546280064
2023-10-31 09:07:01,3eacbd7d10ae,81.0,25.0325429506,121.5417012
2023-10-31 04:07:00,46d91ed68ea8,42.0,25.0323098929,121.540695145
2023-10-31 06:08:01,37030f78f846,79.0,25.037570269,121.548926981
2023-10-31 10:09:05,945340be5def,52.0,25.0355680443,121.548627678
2023-10-31 05:11:06,05124f60b767,92.0,25.0352588689,121.544682816
2023-10-31 12:07:01,ca7f1a51cd6c,42.0,25.0333309505,121.543582897
2023-10-31 12:06:57,7f12168ad8a0,31.0,25.0306607541,121.541529467
2023-10-31 13:10:00,7b86844edce1,80.0,25.0370421673,121.543413153
2023-10-31 01:09:06,05c79104f23d,65.0,25.0335039388,121.54028187
2023-10-31 03:05:01,d128e89877ca,44.0,25.0310252105,121.542068229
2023-10-31 01:01:59,7798980ebd8c,41.0,25.0355732624,121.541510214
2023-10-31 05:05:59,3438557e119c,90.0,25.0350772035,121.542648313
2023-10-31 14:07:58,a5ec38420425,86.0,25.0365914351,121.54393097
2023-10-31 03:06:59,9b97d0b76e4a,16.0,25.0304044518,121.545788082
2023-10-31 06:04:02,94497c60d4f5,6.0,25.0395576961,121.544756313
2023-10-31 03:04:06,a29d9657eefc,15.0,25.0393822248,121.540643258
2023-10-31 07:07:58,58f0b6444ea8,43.0,25.0389909602,121.549226828
2023-10-31 12:09:02,fcde5d60280c,0.0,25.0355951074,121.541705162
2023-10-31 13:09:01,fd45c0b3dc2b,20.0,25.0346499044,121.543096609
2023-10-31 11:08:59,f766df02b857,80.0,25.0369326315,121.546473273
2023-10-31 14:02:04,51af60ffcd4c,22.0,25.0356937158,121.540989077
2023-10-31 13:04:01,cda8f31c1a6a,52.0,25.0304483349,121.549075673
2023-10-31 11:11:03,cd4a2e303805,67.0,25.0372640089,121.543908866
2023-10-31 02:08:01,7fac8bed34b4,67.0,25.0318138209,121.541697551
2023-10-31 00:05:57,46e9b041b53e,66.0,25.0326044809,121.549983418
2023-10-31 03:11:04,6c2b966cca7b,67.0,25.0322964881,121.544777289
2023-10-31 06:05:59,388800433164,39.0,25.0327112181,121.543747146
2023-10-31 09:07:58,8dbe828034d9,52.0,25.0381360379,121.542048615
2023-10-31 10:04:01,854557273f49,81.0,25.0361643354,121.544549919
2023-10-31 03:03:01,59a2cf2c18fd,21.0,25.0333106882,121.548632126
2023-10-31 14:03:01,2aef193d70a3,62.0,25.0300527301,121.541112007
2023-10-31 12:06:05,4423e2e6d99d,49.0,25.0316414001,121.544823843
2023-10-31 07:10:02,2ced20e1e2d6,48.0,25.0397427654,121.546501772
2023-10-31 13:11:00,c0130a8dc326,81.0,25.0396333047,121.547686504
2023-10-31 10:06:06,1b1f2fe16e29,56.0,25.0320954908,121.541561663
2023-10-30 23:11:02,3f1dcded06ca,69.0,25.0395579629,121.543506904
2023-10-31 13:07:05,609dfdf23094,70.0,25.0391714698,121.547544987
2023-10-31 07:06:57,0fa4533b533f,89.0,25.0313673192,121.549822793
2023-10-31 00:07:01,ffe5f478d167,14.0,25.0371958925,121.549030233
2023-10-31 09:10:00,d696c5cf9112,16.0,25.0305604489,121.546684626
2023-10-31 12:10:02,ca65e7542166,14.0,25.0365481182,121.542787224
2023-10-31 03:05:05,9afdb680e245,78.0,25.0325627306,121.549090784
2023-10-31 01:06:57,baf23ec262ca,60.0,25.0392844468,121.546372774
2023-10-31 01:05:57,0c8e0ba89769,35.0,25.0370895611,121.545282417
2023-10-31 09:03:02,b9dcb107e967,94.0,25.0375514358,121.541924485
2023-10-31 02:05:06,59ea1d22d760,23.0,25.0368584501,121.546139125
2023-10-31 13:11:06,6cfc2233e048,43.0,25.0372232721,121.545466023
2023-10-31 10:09:59,836d4e98a8e0,99.0,25.0374981007,121.541029787
2023-10-30 23:02:58,f70e646e588e,52.0,25.0307687901,121.540092348
2023-10-31 13:07:57,2e11a913bf1e,84.0,25.0363134407,121.543100629
2023-10-31 14:08:00,09e16b680790,37.0,25.0329676202,121.54797765
2023-10-31 07:06:05,a279c3c59fef,74.0,25.037336004,121.541803038
2023-10-31 02:03:57,5a3b6be9b98a,98.0,25.0329596542,121.541153739
2023-10-31 13:10:58,ea44c06f4189,33.0,25.0340260136,121.54654787
2023-10-31 13:07:00,6412553dce57,1.0,25.0337306465,121.54161649
2023-10-31 01:07:59,c1bd7060ec73,29.0,25.034269242,121.549618928
2023-10-31 05:08:04,bd3ccb47f8d7,73.0,25.0315259883,121.546818395
2023-10-30 23:11:00,377ee94dad27,76.0,25.0325723555,121.548467149
2023-10-31 04:05:05,3e8168999ccf,23.0,25.032137925,121.54081984
2023-10-31 10:03:01,348ce37c2ce5,18.0,25.0390796709,121.549540902
2023-10-31 01:03:00,3af954c9c066,40.0,25.0355518749,121.54171357
2023-10-31 05:08:00,8c6d23b60851,50.0,25.0361996951,121.548384642
2023-10-31 05:11:03,543a02084a46,97.0,-6.20740133264,106.829033096
2023-10-31 02:10:06,43fe2bd1d8a7,0.0,-6.2080083959,106.827696254
2023-10-31 01:09:03,63b20214906b,74.0,-6.20758805941,106.825372816
2023-10-31 03:06:05,a28c678508c6,64.0,-6.20148089137,106.826205404
2023-10-31 12:06:00,699ed707e5d2,92.0,-6.20210505322,106.826637978
2023-10-31 02:07:00,a3d11f8248ee,95.0,-6.20267367261,106.828293867
2023-10-31 08:06:58,84d21bd207e3,74.0,-6.20559399168,106.820931727
2023-10-31 13:03:02,2733d1b67da7,12.0,-6.20334816974,106.828510793
2023-10-31 09:05:03,88cda35ba62f,90.0,-6.20926292163,106.826547739
2023-10-31 08:06:57,6f1772d1529e,77.0,-6.20236061009,106.825234384
2023-10-31 11:11:03,687679e84e12,61.0,-6.20758753212,106.829031278
2023-10-31 03:03:58,e72d8f1765c1,66.0,-6.20612777746,106.827330238
2023-10-31 07:02:00,6d89f9a703c8,69.0,-6.2004459093,106.82156224
2023-10-31 09:05:05,e851c0c2925a,93.0,-6.20055336599,106.823740959
2023-10-31 07:08:05,0b6e40f7d56f,63.0,-6.20336642418,106.829580117
2023-10-30 23:07:01,eded6ddae663,16.0,-6.20965661867,106.828325627
2023-10-31 13:08:57,ab43679bc710,83.0,-6.2049422756,106.824044458
2023-10-31 10:09:00,cff4a47b701a,80.0,-6.20819371525,106.823114777
2023-10-31 02:02:58,92aa1bf51e54,100.0,-6.203691075,106.824891224
2023-10-31 01:02:57,01496df3a5da,27.0,-6.20994345065,106.828896782
2023-10-31 02:08:02,9691830a0f5e,29.0,-6.20875944602,106.820440561
2023-10-31 07:01:57,dec503a6b093,33.0,-6.20947782187,106.826601714
2023-10-31 04:06:58,b5bc67ec0c95,97.0,-6.2031072575,106.822942525
2023-10-31 13:02:00,3850babeb09f,70.0,-6.20797457518,106.826552011
2023-10-31 09:09:58,9d6efd5073c2,44.0,-6.20785077284,106.829766692
2023-10-30 23:03:58,006f376f32df,46.0,-6.20034253907,106.82688522
2023-10-31 03:04:06,9e96f3f773b5,85.0,-6.2070962465,106.821196974
2023-10-31 12:05:58,670f7b0b2d2f,7.0,-6.20103906434,106.820167678
2023-10-31 14:07:58,a042907d6dcf,86.0,-6.20891878899,106.827775401
2023-10-31 11:06:59,ff1a45fe8f3a,77.0,-6.20383246238,106.826302096
2023-10-31 14:03:03,c748161ceccc,29.0,-6.20372609497,106.8233307
2023-10-31 06:06:03,62fb9e18589c,14.0,-6.20854848936,106.820453601
2023-10-31 12:02:59,efdbfc1263ab,52.0,-6.20312931538,106.82399015
2023-10-30 23:07:02,fafdbafe2bc7,59.0,-6.20229602341,106.825892769
2023-10-31 11:04:05,77f237ece9c0,52.0,-6.20108569521,106.822312769
2023-10-31 07:07:58,ab439aaba849,82.0,-6.20435074473,106.829544813
2023-10-30 23:05:59,4afd63ebb3ce,2.0,-6.20550860343,106.821579047
2023-10-31 12:10:05,700ec04dc17a,57.0,-6.20095473413,106.822896015
2023-10-31 05:02:01,e67cb216de60,18.0,-6.20560110209,106.822900214
2023-10-31 00:04:01,c7cb8fa484f6,13.0,-6.20474451573,106.829409055
2023-10-31 12:06:00,a0a329d85953,83.0,-6.20588260247,106.824818443
2023-10-31 13:07:04,b8a30854aca4,22.0,-6.20148548995,106.822937292
2023-10-31 13:11:04,58ab501708e9,11.0,-6.20255556841,106.824245122
2023-10-31 07:10:02,a4a1772ed2fb,13.0,-6.20152848671,106.822395681
2023-10-30 23:09:00,69d4df930461,16.0,-6.20484220054,106.820931884
2023-10-31 03:04:06,b0f4c796ced3,63.0,-6.20720152547,106.828125662
2023-10-31 12:07:03,df5011a87a6a,8.0,-6.2012862361,106.823221098
2023-10-31 07:06:02,f267bcf13dfd,74.0,-6.20550278813,106.827461617
2023-10-31 01:06:03,02ea9dc4b389,40.0,-6.20152884104,106.824059852
2023-10-31 00:06:05,2507e3230826,36.0,-6.20624279533,106.821542187
2023-10-31 09:08:01,6e94a25f452c,27.0,-6.2021981595,106.826756887
2023-10-31 07:07:57,a123437d6697,44.0,-6.20389160896,106.820304797
2023-10-31 09:10:03,0034d8e2aed5,25.0,-6.20971185129,106.822759628
2023-10-31 05:06:57,0bca45d53aef,18.0,-6.20956203099,106.829524154
2023-10-31 03:02:00,95c7c6977520,11.0,-6.20856822837,106.821739013
2023-10-31 00:08:02,41914ceffc75,35.0,-6.20331097372,106.825913639
2023-10-31 00:03:57,a979a549227f,31.0,-6.20058541991,106.82492977
2023-10-30 23:06:01,04c4b6b9666b,91.0,-6.2077815273,106.828164345
2023-10-31 12:11:06,685e97579e05,51.0,-6.20802518007,106.827639165
2023-10-31 10:08:02,922da90a0e1c,7.0,-6.20948337187,106.829255164
2023-10-31 08:06:02,7268390b75b0,32.0,-6.20659444475,106.829971189
2023-10-31 09:08:02,109515cf0e39,98.0,-6.20384181454,106.825482813
2023-10-31 02:10:06,a55465102025,31.0,-6.20990034739,106.823658463
2023-10-31 09:02:57,4c5597ddd60c,22.0,-6.20332227763,106.824833762
2023-10-31 09:05:05,45e8976c2247,6.0,-6.20783819972,106.829089071
2023-10-31 13:07:57,2b5499dba38a,84.0,-6.20772670674,106.826829548
2023-10-31 05:10:57,1edb7b08034d,64.0,-6.20838746883,106.822356247
2023-10-31 08:08:01,94b6627379f7,27.0,-6.20947979022,106.824751323
2023-10-30 23:03:01,f96ccfedf012,0.0,-6.20017150888,106.829629088
2023-10-31 06:05:02,4b7b0ab9a6b5,63.0,-6.20915011222,106.829697121
2023-10-31 03:08:06,37a32bcde74e,45.0,-6.20515485668,106.821977772
2023-10-31 00:06:59,21d006d605c9,83.0,-6.20298078209,106.826416195
2023-10-31 04:09:01,faa6b18e7405,1.0,-6.20624342564,106.823897241
2023-10-31 02:08:06,8619ff3f6f98,19.0,-6.20788258241,106.82372862
2023-10-31 06:05:58,fac67c3d390c,67.0,-6.2069309793,106.823487992
2023-10-31 11:11:02,38034c2cdefd,75.0,-6.20152205477,106.821097471
2023-10-31 01:08:05,b42765a09f55,53.0,-6.20815851681,106.828740961
2023-10-31 13:11:00,f9b95f321a20,30.0,-6.20624674795,106.827359169
2023-10-31 11:05:04,c7cd8a30cd89,28.0,-6.20491969713,106.823708634
2023-10-31 05:06:02,6faa18efb07b,62.0,-6.20291295153,106.824296632
2023-10-31 03:02:02,cf92220e9bac,55.0,-6.20986871071,106.821709955
2023-10-31 00:05:59,03326a8df225,5.0,-6.20841695712,106.827929399
2023-10-31 05:02:03,fd3b3bb9003a,79.0,-6.20208283534,106.829832894
2023-10-31 10:03:02,8717e790b4df,8.0,-6.20505977233,106.828111387
2023-10-31 08:06:05,75608ee0bbf8,92.0,-6.20694624482,106.827278986
2023-10-31 07:07:06,11a6f7c03d22,34.0,-6.2053116145,106.823967748
2023-10-31 01:11:03,f95b77c473ab,6.0,-6.20489806232,106.822162805
2023-10-30 23:07:06,28f3a808605c,21.0,-6.20563026797,106.829758503
2023-10-31 05:06:01,fa080f384cba,54.0,-6.20551637486,106.825254908
2023-10-31 10:08:00,b72abbe39caa,28.0,-6.20440485403,106.820211499
2023-10-31 02:04:59,edda404953bd,90.0,33.8775361261,151.103091592
2023-10-31 12:08:05,5e9b4d5e5065,0.0,33.879368148,151.10634882
2023-10-31 02:01:59,a268fa8e8d27,16.0,33.8757160144,151.100270802
2023-10-31 13:01:59,def6f8b57696,70.0,33.8742158705,151.103708711
2023-10-31 03:11:01,5c07457a0fee,61.0,33.8796929247,151.101565179
2023-10-31 11:01:58,c7ccc8afdac1,98.0,33.8780083673,151.103825296
2023-10-31 04:06:00,b99e332e4d3d,28.0,33.8706532176,151.107856185
2023-10-31 10:11:00,aba1b4d19ac4,53.0,33.8775552391,151.102790321
2023-10-31 08:01:57,e7c594645471,51.0,33.8723734994,151.108516502
2023-10-31 14:01:59,eef74fb1c47b,18.0,33.8712444637,151.104836888
2023-10-31 04:03:03,415ca4ed29bb,33.0,33.8703890148,151.107806687
2023-10-31 03:07:01,d619beeaebc2,23.0,33.8701676225,151.106352408
2023-10-31 06:05:03,cc7c9ab59285,42.0,33.8775970761,151.103551558
2023-10-31 07:05:59,9ef8660a97a3,40.0,33.8722356815,151.10434588
2023-10-31 01:07:04,798ca9d840c3,48.0,33.8784969652,151.103933397
2023-10-31 04:11:03,b09fd0f0229d,41.0,33.8734785845,151.104642649
2023-10-31 09:08:02,17719c8db5c4,5.0,33.8701646498,151.102190475
2023-10-31 14:01:58,8a51ec12a3b6,20.0,33.8705947763,151.100874289
2023-10-31 11:09:00,b4f1ae75c99c,59.0,33.8732464555,151.108948129
2023-10-31 08:08:57,c914b4abe97c,47.0,33.8780664765,151.103316033
2023-10-31 09:10:57,bbf5047b899f,65.0,33.8713668882,151.106725383
2023-10-31 01:05:03,2f243cdaf945,14.0,33.8722907224,151.100970188
2023-10-31 06:01:57,423a7f83c0a7,21.0,33.876725374,151.103734467
2023-10-31 02:11:05,68fd2561a4eb,27.0,33.8760661282,151.103648286
2023-10-31 07:02:57,cf8beb6df17a,0.0,33.878614779,151.100062837
2023-10-31 09:03:01,f07ee48d71d9,10.0,33.877462153,151.105115226
2023-10-31 10:10:02,27adb9d356ad,100.0,33.8734499184,151.106417255
2023-10-31 14:03:03,fb767bac1cd8,80.0,33.8799009663,151.10878379
2023-10-31 00:06:58,faf49742409b,12.0,33.8728942102,151.109565511
2023-10-31 11:09:57,0b9ae9117a21,61.0,33.8769693823,151.109705297
2023-10-31 11:08:58,778e64329fc7,53.0,33.8771253097,151.100800828
2023-10-31 12:04:58,5eaa4622762e,46.0,33.8750097776,151.103985941
2023-10-31 10:10:03,22bb5fb9c69d,93.0,33.8707095433,151.108368121
2023-10-31 01:09:06,98964979f2a1,26.0,33.8730415517,151.105157543
2023-10-30 23:03:03,69feb09d3ced,10.0,33.8707478372,151.105947799
2023-10-31 09:11:03,6d716a13b932,75.0,33.8764740383,151.104015078
2023-10-31 01:06:57,a0e13d8590e3,13.0,33.8788572753,151.100112393
2023-10-31 04:06:57,47b3bc5cfe1e,48.0,33.8706799037,151.102332819
2023-10-31 02:07:04,df2f80888a31,72.0,33.8780418805,151.107955922
2023-10-31 06:05:05,8c6abf939451,34.0,33.8790302178,151.101265167
2023-10-31 04:04:00,8217deeaed75,41.0,33.8716887545,151.104187755
2023-10-31 07:07:00,038c3ed90cb6,39.0,33.8738037319,151.107069641
2023-10-31 06:03:04,4dbe90de13f8,13.0,33.872742776,151.10031416
2023-10-31 06:04:57,7ca6749f27fe,5.0,33.8706935053,151.100651555
2023-10-31 13:07:00,c06e2008d153,7.0,33.8792328336,151.100954327
2023-10-31 00:09:03,28f5899407d7,86.0,33.8740035084,151.102635654
2023-10-31 14:02:04,a26a03152ec6,12.0,33.8721578789,151.100276785
2023-10-31 02:06:01,181993f28dcc,54.0,33.8712515273,151.10213921
2023-10-31 03:06:04,ea694f61ca13,6.0,33.8716332472,151.107559192
2023-10-31 04:09:05,300f3ea393a9,38.0,33.8755135625,151.107289422
2023-10-31 14:03:03,8ab9d6d1f562,100.0,33.8707441485,151.107997194
2023-10-31 08:10:03,b75d5853220f,34.0,33.8746288493,151.104872475
2023-10-31 03:01:59,77fd7a3f9878,100.0,33.8797382836,151.102907078
2023-10-31 14:08:59,13891fdb1f9a,13.0,33.8763944233,151.105790895
2023-10-31 08:09:03,3423836490e0,57.0,33.8764842963,151.103499429
2023-10-31 13:02:00,4a41088a5385,44.0,33.8707428984,151.108560507
2023-10-31 10:01:57,d0e9711b33aa,49.0,33.8766604585,151.102748295
2023-10-31 00:05:04,d6beee208052,9.0,33.8737830323,151.106585136
2023-10-31 02:09:05,f6c771d2c04e,47.0,33.8756038662,151.10480557
2023-10-31 09:03:59,96386f4afb9a,80.0,33.8744435971,151.107238433
2023-10-31 04:07:06,b9fc562f27d0,66.0,33.874510954,151.107716522
2023-10-31 08:01:59,399b20ccecad,52.0,33.8799341085,151.103919629
2023-10-31 00:08:01,605da5aad062,97.0,33.8722400335,151.100547639
2023-10-31 12:03:06,54828f32db81,54.0,33.8750880822,151.10404415
2023-10-31 00:07:05,112a6c2ac14d,81.0,33.8743666906,151.101749963
2023-10-31 12:04:05,b8bce76c03f8,61.0,33.8781355199,151.106581843
2023-10-31 13:06:04,c098ca5f250c,82.0,33.8794187238,151.105728046
2023-10-31 00:09:57,5c26097406ea,48.0,33.8745271718,151.108552323
2023-10-31 05:06:04,1833fe016a1e,23.0,33.873965596,151.106417488
2023-10-31 08:02:00,a15027276ecc,58.0,33.8749187202,151.107341843
2023-10-31 09:08:00,826eeb921c79,61.0,33.8786364562,151.108739865
2023-10-31 01:02:59,58c6cdc9aa4d,40.0,33.8772781454,151.105545815
2023-10-31 12:04:03,f95c1c2386ae,98.0,33.8791415174,151.101294066
2023-10-31 04:03:04,fab3e28e04a1,67.0,33.8700996451,151.109236724
2023-10-31 12:07:59,2e192c7e00e5,2.0,33.8778310581,151.103642854
2023-10-31 06:03:57,02c256532d5e,42.0,33.8727816865,151.102786644
2023-10-31 08:08:03,0ff86f25b7e6,88.0,33.8755737465,151.109363716
2023-10-31 14:09:04,0f30659ae4fe,1.0,33.8793165137,151.104893511
2023-10-31 10:07:00,00821e532de4,84.0,33.8798107937,151.102706186
2023-10-31 10:07:02,a3a8918f6104,40.0,33.8716295336,151.107244072
2023-10-31 08:09:02,f12d3895cd79,9.0,33.8741068832,151.104192762
2023-10-31 12:06:03,c439d1c38735,77.0,33.8751217121,151.109004405
2023-10-31 04:03:57,4c434bb5a38f,76.0,33.8751293195,151.101809026
2023-10-31 10:02:03,638f894e8967,39.0,33.8788408707,151.101023733
2023-10-31 14:11:04,ab8c3a16eece,62.0,33.876206108,151.101315998
2023-10-31 02:09:57,d6bb9c34a010,6.0,33.8747515888,151.108043401
2023-10-31 09:05:59,43bacd543e0a,26.0,33.8702930867,151.106839969
2023-10-31 09:10:03,504729d432b6,15.0,33.8729528263,151.103748146
2023-10-31 00:07:04,379e9f8a15cd,46.0,33.872716315,151.107284808
2023-10-31 11:07:06,aec339a4b1b2,99.0,33.8743683043,151.106816384
2023-10-31 14:09:06,559546f971a3,38.0,-33.9102332216,18.5621322013
2023-10-31 07:07:58,46b5c470308f,37.0,-33.9102197207,18.5603202597
2023-10-31 10:05:01,d99b144afc89,100.0,-33.9128368478,18.5684749453
2023-10-31 08:11:06,e4a83be09539,96.0,-33.910759914,18.56150925
2023-10-31 07:06:05,53a255406736,68.0,-33.9188146378,18.56178885
2023-10-31 02:10:59,c4b68573f21f,68.0,-33.9199556321,18.5666949244
2023-10-30 23:10:03,c05b15bb4412,56.0,-33.916849973,18.5631627681
2023-10-31 12:03:04,fb66fed81ab4,82.0,-33.9102530516,18.568489033
2023-10-31 14:07:01,d8d74fbd98a6,76.0,-33.9112324011,18.5635879052
2023-10-30 23:02:59,d02bd419c964,100.0,-33.9152718572,18.5687629629
2023-10-31 13:11:01,96979c86182d,61.0,-33.9124016019,18.5660554386
2023-10-31 06:10:04,10e653b65fff,79.0,-33.9127530565,18.5693010397
2023-10-31 08:02:04,ada4818b3dfc,51.0,-33.9119568377,18.5660484905
2023-10-31 03:05:58,84637ade643e,68.0,-33.9180079714,18.5646891353
2023-10-31 10:10:58,fa170e46b3ee,79.0,-33.9189306919,18.5662329
2023-10-31 06:06:57,4c526b5f7c31,17.0,-33.9144173602,18.5654386417
2023-10-31 13:03:04,3bc06f56d67d,22.0,-33.9149781737,18.566067403
2023-10-31 10:06:04,ce193cfca756,76.0,-33.9173383423,18.5675205145
2023-10-31 10:05:04,bdff15762f48,5.0,-33.9121868838,18.5632284509
2023-10-31 07:08:59,f944a1b7665a,58.0,-33.911514537,18.567287459
2023-10-31 06:07:02,6581c97a4c34,77.0,-33.9161143957,18.568424848
2023-10-31 03:11:01,b3ce985b00d9,2.0,-33.9197004282,18.5620809993
2023-10-31 00:05:00,682372dcc7ec,1.0,-33.9152050039,18.5603864494
2023-10-31 03:07:57,f756aeb61428,82.0,-33.9187434102,18.5664236161
2023-10-31 14:11:01,b15c9c716df3,38.0,-33.9116386044,18.5657284517
2023-10-31 04:07:06,35991d28e6fa,26.0,-33.9155429396,18.5694139401
2023-10-31 11:10:05,a36242b3446e,63.0,-33.9109533088,18.5618136299
2023-10-31 09:02:58,d65dedfbcd9d,93.0,-33.91566156,18.5646932325
2023-10-31 08:10:03,6c25555bdd40,35.0,-33.9174206125,18.5672550194
2023-10-31 00:11:00,e84a9f5041c3,82.0,-33.9140043502,18.5689897326
2023-10-30 23:09:03,13d00d32c8ef,97.0,-33.9199896139,18.5683443038
2023-10-31 13:08:58,c0e034f182cc,43.0,-33.9148298786,18.5646159376
2023-10-31 05:05:00,e540adc17970,100.0,-33.9169660748,18.568945814
2023-10-31 00:05:04,5d06bbe1fe25,82.0,-33.9197315016,18.5613787251
2023-10-31 13:06:58,5bfb7b93b22e,91.0,-33.911984746,18.5679141597
2023-10-31 08:11:04,d7f6d87ea0f8,48.0,-33.915418489,18.5615181051
2023-10-31 02:07:57,e1f726e1f9da,65.0,-33.9140723985,18.566263798
2023-10-31 01:09:57,58d1a8bf02d4,27.0,-33.9105106248,18.5666637894
2023-10-31 09:02:59,24dc17797bc1,75.0,-33.9145382312,18.5644966515
2023-10-31 11:10:04,bcec80c63539,65.0,-33.9158167163,18.5680909435
2023-10-31 04:07:58,3eeafb343a54,43.0,-33.9183584046,18.5629429338
2023-10-31 07:11:04,496852c1be90,21.0,-33.9131921939,18.5618598398
2023-10-31 08:04:02,13b8f0cebd3f,32.0,-33.9109893325,18.5618971686
2023-10-30 23:02:05,5a4c47fbe1fd,5.0,-33.9195224519,18.5637285089
2023-10-31 04:02:02,0bc1dd77f336,63.0,-33.9101147364,18.5632444337
2023-10-31 14:03:04,a58b03679f9e,63.0,-33.9154248473,18.5671954796
2023-10-31 06:11:05,9e2360b42f9a,17.0,-33.9185381361,18.5628800424
2023-10-31 05:06:06,7dcb9d82ee36,4.0,-33.9148487812,18.5683062089
2023-10-31 13:05:04,3768054387ba,5.0,-33.910230947,18.5680007323
2023-10-31 12:08:02,031e9a6f28a7,69.0,-33.9162582395,18.5615237073
2023-10-31 03:02:06,9e26ee66911f,99.0,-33.9139956697,18.5653818914
2023-10-31 03:04:06,b7b65a7b23e2,89.0,-33.917530268,18.5622653176
2023-10-31 08:08:02,4dca91fbe27f,75.0,-33.9166934447,18.5695154725
2023-10-31 01:04:04,3fd67279f39c,47.0,-33.9139492628,18.5684005208
2023-10-31 07:02:58,fa5b9a897fb9,68.0,-33.915788773,18.5628744661
2023-10-31 10:01:57,5bd7e7ab3af9,53.0,-33.9196751815,18.5607118269
2023-10-31 05:06:04,c1cf2d7e7bc3,44.0,-33.9163398159,18.5608035583
2023-10-31 03:04:02,a211d3294485,0.0,-33.9166766827,18.5654272455
2023-10-31 11:08:57,d7510a07f724,3.0,-33.9177948481,18.5642629592
2023-10-31 13:05:59,6aff3c78e28a,48.0,-33.9162245254,18.5626764042
2023-10-31 09:10:58,fd4f81902b08,54.0,-33.9187200297,18.5626531462
2023-10-31 14:02:57,63e38d4b4ccf,75.0,-33.9184629078,18.5638369264
2023-10-31 12:10:01,fc5130462c9b,78.0,-33.9180056247,18.5672697825
2023-10-31 05:09:05,0a104f4bef74,59.0,-33.9175404498,18.561089698
2023-10-31 04:07:58,2c526f066cb7,17.0,-33.9159168529,18.5607060253
2023-10-31 13:10:59,3238e6fccdac,85.0,-33.9154999948,18.5684333283
2023-10-31 11:01:57,1aa991bd0c50,58.0,-33.9108789859,18.5693077326
2023-10-31 01:09:01,2d7e64fa1825,36.0,-33.910532496,18.5627337143
2023-10-31 08:04:05,b0b127172e70,58.0,-33.9178488481,18.5661194183
2023-10-31 09:05:57,ad4dab16e3f4,80.0,-33.9171620946,18.5698812003
2023-10-31 11:11:03,43f8315a3810,9.0,-33.9176077129,18.5607412494
2023-10-31 09:08:04,b0a692d7549d,95.0,-33.9130335731,18.5615002062
2023-10-31 12:06:05,3aadb588f713,60.0,-33.9184420342,18.5614107091
2023-10-31 00:04:04,2513f54af6ce,14.0,-33.9106722334,18.5683303599
2023-10-31 07:11:02,46e399a93e8a,65.0,-33.9119656361,18.5652082179
2023-10-31 09:04:59,67cc658d7635,21.0,-33.9168036794,18.5633348683
2023-10-31 01:04:57,4f616b69a464,48.0,-33.9103372123,18.564932454
2023-10-31 10:07:03,4a63fe886397,53.0,-33.9132701538,18.5628603807
2023-10-31 06:03:58,3aba8f5b9b41,94.0,-33.9166409408,18.5645770278
2023-10-31 12:02:01,1a816901aa97,85.0,-33.9145586117,18.565949412
2023-10-31 05:03:00,426449291f87,37.0,-33.9149869799,18.560953641
2023-10-31 09:01:57,9ffe37ebf8a8,75.0,-33.9111245085,18.5674347188
2023-10-31 02:09:00,6efb19ddc822,18.0,-33.9169026782,18.5631580625
2023-10-31 02:07:00,4a11ab0a6a77,70.0,-33.9170965751,18.560669372
2023-10-31 11:08:59,2c90d949aabf,15.0,-33.9101549527,18.5607893406
2023-10-30 23:07:57,ee24f5bb5fac,6.0,-33.9149463634,18.5643751829
2023-10-30 23:04:05,d74bef7d6c7e,71.0,-33.9149686273,18.5603811075
2023-10-31 11:04:58,1ee446feff9f,66.0,-33.916463158,18.5694437845
2023-10-31 11:04:59,ee4dc6bd6ebd,91.0,-33.9135637631,18.5675178171
2023-10-31 09:03:04,b0892ba9db42,23.0,-33.9133974607,18.5605009134
2023-10-31 00:07:01,2b9c3418a0aa,43.0,38.72967437,-9.13908316349
2023-10-31 08:07:06,d181c751e70c,2.0,38.7251293616,-9.13338052397
2023-10-31 14:10:58,6698ef4d9e7f,51.0,38.7264670737,-9.13518600038
2023-10-31 05:11:01,08e7d817816d,48.0,38.7203065955,-9.1371036159
2023-10-31 10:08:02,8ca6c0411736,96.0,38.7226022343,-9.13094392981
2023-10-31 06:10:04,fbb9cf00bbf0,24.0,38.7252580702,-9.13749371088
2023-10-31 14:02:05,8e5c8f3a2623,91.0,38.7264606223,-9.1330159023
2023-10-31 04:03:05,9e686bf03117,39.0,38.7251732181,-9.13111738128
2023-10-31 08:06:01,bd6a09461820,25.0,38.7270733036,-9.13217623683
2023-10-31 06:06:57,baa9cd9aed41,53.0,38.723260316,-9.13464542009
2023-10-31 00:11:06,00a0d38cfe0e,100.0,38.7258078096,-9.13304988786
2023-10-31 06:10:57,6c3ad36e4dcf,44.0,38.7262742449,-9.13637408011
2023-10-30 23:10:57,398af95371cb,88.0,38.7201531906,-9.13068578917
2023-10-31 02:02:05,ed27be6c0ba4,91.0,38.725911367,-9.13389805156
2023-10-30 23:09:04,ce06239f265d,37.0,38.7271394289,-9.1315936764
2023-10-31 14:08:59,cd2d85ff728a,45.0,38.7286451655,-9.13828577954
2023-10-31 06:06:03,399c4498b56e,38.0,38.7283332125,-9.1334879895
2023-10-31 04:10:04,d34b9f3e1cf4,77.0,38.7231506435,-9.13040327691
2023-10-31 03:06:58,f3595be3b06f,75.0,38.7245408776,-9.13668124408
2023-10-31 06:11:04,f9550866628c,79.0,38.724638593,-9.13613525503
2023-10-31 08:07:59,6ea66f475786,90.0,38.7233461762,-9.13243100333
2023-10-31 00:08:59,bc930ffec018,80.0,38.7247883151,-9.1336838773
2023-10-31 12:02:58,35d027f5e670,8.0,38.7244058733,-9.13321481743
2023-10-31 01:02:01,cb56d8eb81c5,36.0,38.7258697877,-9.13691828892
2023-10-31 02:09:00,24ae5c8dfd97,62.0,38.7219855889,-9.13040750206
2023-10-31 03:11:00,cb3b4c276f1e,59.0,38.7212084282,-9.1377696871
2023-10-31 11:03:57,bbc4947c3b6b,89.0,38.7214515979,-9.13880105645
2023-10-31 12:11:04,e66c9872f253,96.0,38.7262154128,-9.1316590262
2023-10-31 03:08:57,e6e9035afba4,76.0,38.7218328986,-9.13242727043
2023-10-31 11:08:58,e8f61213a630,100.0,38.7257004023,-9.13507553007
2023-10-31 10:03:57,b75c96b757bc,53.0,38.7297284775,-9.13891185948
2023-10-31 04:06:05,bbf5e2cf7a0c,4.0,38.7229808018,-9.13600786523
2023-10-31 13:04:05,106fa3ccfd63,62.0,38.7271111222,-9.13243296011
2023-10-31 03:03:04,2b9818f7b299,51.0,38.7275850229,-9.13133785021
2023-10-31 07:08:59,9f3a97ef955b,41.0,38.7282275622,-9.13037789943
2023-10-31 09:05:03,6c9100eb1780,90.0,38.7237975643,-9.13078375056
2023-10-31 04:06:59,6c0f1035bd67,43.0,38.7276832344,-9.13983469039
2023-10-31 07:02:02,25670cdac60c,29.0,38.7267710986,-9.13768727194
2023-10-31 11:05:58,be8b8cd10357,67.0,38.7210958786,-9.13605732788
2023-10-31 04:02:00,420b7cc75dd6,90.0,38.7269551235,-9.13134399153
2023-10-31 14:09:59,6f536926a409,3.0,38.7225743914,-9.1310785291
2023-10-31 14:11:03,428e47f33b56,52.0,38.72685683,-9.1303994243
2023-10-31 05:03:02,73745d4610e9,55.0,38.7238320663,-9.13264476236
2023-10-31 14:04:06,889d2cc3e10c,62.0,38.7204527584,-9.1312765973
2023-10-31 01:07:03,72bad7133b73,63.0,38.72052195,-9.13265954116
2023-10-31 08:02:57,ecb38d2de35a,62.0,38.729641576,-9.13527483066
2023-10-31 08:02:57,d3be8f1fd201,25.0,38.7250153421,-9.13107543854
2023-10-31 09:04:58,374048acf27e,7.0,38.7299079693,-9.13605275887
2023-10-31 13:07:00,3744d644ab2a,61.0,38.720844713,-9.13217023512
2023-10-31 01:06:00,8d9d6b09b572,13.0,38.7224844035,-9.13909262626
2023-10-31 09:11:01,24922090775a,57.0,38.7299876063,-9.13892755085
2023-10-31 13:04:00,32d26e6ad94d,99.0,38.7234120701,-9.13407213931
2023-10-31 03:02:58,dc9223349dba,44.0,38.7263520916,-9.13826974246
2023-10-31 06:07:02,7b0f442f122a,9.0,38.7266652808,-9.13018030213
2023-10-31 08:06:05,e6c6f88841ae,14.0,38.7245285567,-9.13102030515
2023-10-31 04:02:59,a88f37c042e7,53.0,38.7210348321,-9.13304784524
2023-10-31 08:11:02,1a98f15cd3f9,2.0,38.7227150687,-9.13219315168
2023-10-31 10:06:06,999bc642f25a,21.0,38.7262904565,-9.1315792981
2023-10-30 23:07:00,7a8ed183bfef,16.0,38.7200519166,-9.13461341437
2023-10-31 02:06:02,0cc5ab1db374,40.0,38.7222789219,-9.13874295718
2023-10-31 09:03:04,a3ce7170f099,49.0,38.7287248501,-9.13056402796
2023-10-30 23:09:57,26b51972f266,54.0,38.7249898756,-9.13207368815
2023-10-31 11:09:03,20e5109c66a0,37.0,38.7235348967,-9.13406728799
2023-10-31 01:10:01,28fb04fc98c6,26.0,38.720167051,-9.13720051316
2023-10-31 07:10:03,6f6d4ce87e51,28.0,38.724345581,-9.13421931652
2023-10-31 09:10:00,6b88fbbabb4b,88.0,38.7234414426,-9.13854835663
2023-10-30 23:01:59,019096e71054,25.0,38.7222732514,-9.13938223057
2023-10-31 08:03:04,06cf7b9f1278,73.0,38.720753909,-9.13434619109
2023-10-31 02:05:01,6c13aa419566,49.0,38.724707288,-9.13847913352
2023-10-31 11:05:58,39fc7c27a9eb,32.0,38.727714387,-9.1384113092
2023-10-31 14:09:02,2bae953f9c5d,16.0,38.7218253132,-9.13951203118
2023-10-31 00:07:57,d6a504aa6c02,48.0,38.72584104,-9.13855284477
2023-10-31 04:11:06,87038c7a46f8,39.0,38.7251288354,-9.13221482536
2023-10-31 12:01:57,8f3ca2b56e37,68.0,38.7229871517,-9.13198072312
2023-10-31 04:08:01,03e29d795d24,47.0,38.7268254931,-9.13084498651
2023-10-31 07:03:06,3ef41f194f5e,78.0,38.7200516449,-9.13705473936
2023-10-31 06:06:59,95a111adb03d,59.0,38.7259464035,-9.13175670925
2023-10-31 11:10:02,145dc09b408f,56.0,38.7232162561,-9.13420920374
2023-10-31 13:04:02,2afbcd718003,97.0,38.7264449331,-9.13569360361
2023-10-31 10:08:05,ffbd9a7a9c04,59.0,38.7243574004,-9.13326326442
2023-10-31 09:05:00,0c2c8dcf4924,99.0,38.7202730347,-9.13821623186
2023-10-31 13:10:00,40268b18f57f,17.0,38.724675684,-9.13611502953
2023-10-31 07:10:58,e4f6c9ac2815,82.0,38.7200585557,-9.13764359399
2023-10-31 10:06:59,fd682f748440,77.0,38.7224548609,-9.13995520266
2023-10-31 12:10:02,2da03fc8bc23,19.0,38.7258592432,-9.13964484446
2023-10-31 12:05:58,34ad343622bd,48.0,38.7299182388,-9.13616435507
2023-10-31 09:09:04,89b56862f3d6,81.0,38.7248508314,-9.13851866529
2023-10-31 01:05:02,481928a30412,6.0,38.7216146167,-9.1392962421
2023-10-31 06:08:05,a6a9b4829f45,17.0,38.7254000932,-9.13056999469
2023-10-31 08:09:57,2db7e4a7e01d,53.0,38.7282206035,-9.13837111044
2023-10-31 05:06:58,b4bfad814a7c,43.0,40.7217246905,-73.9886560225
2023-10-30 23:10:59,7d42ef292ad1,47.0,40.7262289444,-73.9872263512
2023-10-31 10:08:05,cc87957e54b0,10.0,40.7292289579,-73.9813693279
2023-10-31 04:10:59,8f36dd3172e9,55.0,40.7263867675,-73.9801127209
2023-10-31 00:07:04,abc4a308a0df,77.0,40.7204677415,-73.9854206954
2023-10-31 05:09:00,b4e6e1ab0eb6,70.0,40.7233467021,-73.9893457239
2023-10-31 08:08:06,4c3ccefacef8,75.0,40.7225793495,-73.9867819473
2023-10-31 14:08:00,c047056688f2,97.0,40.7262844288,-73.9826094636
2023-10-31 08:03:01,dbd72603243a,29.0,40.7266989211,-73.9854057821
2023-10-30 23:10:58,39d2e92dc5c9,81.0,40.7202747642,-73.9830549458
2023-10-31 09:10:59,74a75a0ad935,66.0,40.7257513868,-73.9845054094
2023-10-31 10:07:05,a3d4ad854121,3.0,40.7216547711,-73.9800115599
2023-10-31 04:05:57,49a959260e55,22.0,40.7298602679,-73.9837157818
2023-10-31 13:04:04,7b1f65a6d442,59.0,40.7268107551,-73.9885843492
2023-10-30 23:06:02,aa3392020265,49.0,40.726379636,-73.9867137965
2023-10-30 23:11:05,b64f81660edf,36.0,40.7266033299,-73.9877668181
2023-10-31 08:11:00,5d918036298d,51.0,40.723549544,-73.9839301586
2023-10-31 08:11:00,c0fc0bdc1ba4,36.0,40.7258258862,-73.9847303481
2023-10-31 04:05:02,685248dcf541,60.0,40.7279590027,-73.9822854631
2023-10-31 09:09:00,709fcb644756,66.0,40.7242971376,-73.9894592076
2023-10-31 01:02:05,e5d0c3523b7f,11.0,40.7253619781,-73.9826448953
2023-10-31 05:04:58,5d687b78012f,60.0,40.7209363142,-73.984132607
2023-10-31 11:09:57,2a0398362ae0,52.0,40.7220753405,-73.9843500129
2023-10-31 11:05:01,0256d3ebe17f,28.0,40.7207658162,-73.9813297033
2023-10-31 09:10:59,13ce4205c41c,90.0,40.7273009892,-73.984049562
2023-10-31 10:05:58,5bbfcdab29f6,55.0,40.7289906557,-73.9868809364
2023-10-31 05:10:02,98abcf31da03,99.0,40.7231208651,-73.9849406018
2023-10-31 12:07:04,9da4938d425d,65.0,40.7281459282,-73.984481558
2023-10-31 02:08:58,bf799db1f8ad,13.0,40.7215616661,-73.9862794332
2023-10-31 00:06:58,88c33b4da0db,46.0,40.7234306844,-73.9823693564
2023-10-31 03:08:03,0ee2598ef4d9,24.0,40.7203588079,-73.9856159853
2023-10-31 01:09:05,8dc1664c7ea4,28.0,40.7271303548,-73.9829699169
2023-10-31 05:03:01,c43d38bbed0b,8.0,40.729801937,-73.981480328
2023-10-31 07:05:06,40a015bcf77d,97.0,40.7238916322,-73.9835135247
2023-10-31 01:05:00,132805a29238,44.0,40.7269585285,-73.9878461057
2023-10-31 01:10:59,ab8d2b76e2ae,49.0,40.7242954695,-73.9800572143
2023-10-31 14:02:04,8fc231820aeb,72.0,40.724502259,-73.9896017332
2023-10-31 08:02:04,9ba7da323ee1,43.0,40.7242329386,-73.9855818829
2023-10-31 03:04:01,224e74cbfe6d,54.0,40.7223522591,-73.9867535312
2023-10-31 01:09:04,dc3c67a77f4c,24.0,40.7221602013,-73.9826756331
2023-10-31 06:09:03,6241cced1277,34.0,40.7289087306,-73.9864660225
2023-10-31 11:07:57,fff66b0c09ed,73.0,40.7244308841,-73.9825022302
2023-10-31 13:03:58,29cd9a6eadc2,55.0,40.7237496506,-73.9864322489
2023-10-31 13:04:04,6f7be15e3813,14.0,40.7235944978,-73.9885513313
2023-10-31 11:08:00,701b2b6cc63d,84.0,40.7234546427,-73.9866494909
2023-10-31 06:01:59,0d9caf964093,88.0,40.7266914657,-73.9807486343
2023-10-31 08:06:58,dcf8fda706f6,84.0,40.7204505959,-73.9807691431
2023-10-31 10:02:02,aafbd677f3cc,76.0,40.7203334101,-73.9899481523
2023-10-31 11:05:04,959f3ad387a9,98.0,40.7278991337,-73.9824838659
2023-10-31 10:02:00,c7137f048fc8,53.0,40.7234162105,-73.9877430862
2023-10-31 04:06:01,e70da6560022,1.0,40.723956858,-73.986044711
2023-10-31 00:05:57,4674f418ef68,19.0,40.7249640892,-73.9856331351
2023-10-31 14:07:57,7e4ee8742a5f,47.0,40.7241567902,-73.9813404069
2023-10-31 05:09:59,c3eba32e7ffa,6.0,40.7280465441,-73.9840329365
2023-10-31 08:08:58,3a58290a1256,76.0,40.7243348781,-73.9841375325
2023-10-31 09:08:01,0284ac156339,17.0,40.7277652425,-73.9817169818
2023-10-31 11:09:03,b2a60b193cd0,19.0,40.7270744002,-73.980996848
2023-10-31 13:11:00,3425e304fc6b,10.0,40.7290689324,-73.9881962209
2023-10-31 09:02:02,1c7afd3d2728,96.0,40.7279141545,-73.9836989706
2023-10-31 08:09:05,f4521cf852f2,99.0,40.7284022444,-73.9882411199
2023-10-31 00:09:03,130c019298a4,69.0,40.722388009,-73.9808943259
2023-10-31 08:07:01,bfeca605db5d,21.0,40.7208371931,-73.9811403889
2023-10-31 01:09:05,735a5ec5033c,80.0,40.7280638485,-73.9876144584
2023-10-30 23:10:02,026f0f252922,54.0,40.7216600395,-73.9813276785
2023-10-31 12:03:00,b90840a74323,94.0,40.7202860001,-73.9811980325
2023-10-31 01:08:05,dc54b03ae405,30.0,40.7217021566,-73.9830509993
2023-10-31 04:05:02,175dd508ff56,60.0,40.7218203285,-73.9894438021
2023-10-31 14:04:59,36126288488c,99.0,40.7248787838,-73.9850403601
2023-10-31 04:11:05,2d4cf02da55c,63.0,40.723617834,-73.9888282876
2023-10-31 04:02:04,ee52d163e94b,2.0,40.7278826817,-73.9869840161
2023-10-31 01:03:06,1e52d3625fb8,39.0,40.729687155,-73.987631816
2023-10-31 08:06:04,9b411e66024e,77.0,40.7249116214,-73.9845181434
2023-10-31 02:08:06,a7cbd838abfa,57.0,40.7282509444,-73.9881315006
2023-10-31 01:07:00,57306194d467,32.0,40.7203822087,-73.9842644564
2023-10-31 06:11:04,1dabcfb3b6b4,17.0,40.7231894545,-73.9815462833
2023-10-31 01:08:03,cded0211e794,89.0,40.7253875919,-73.9860970743
2023-10-31 00:02:58,4727453510ff,35.0,40.7278782826,-73.9869033194
2023-10-31 13:11:01,f670cde85557,46.0,40.7210159054,-73.9876746649
2023-10-31 14:10:02,da4ff0c1e86c,2.0,40.7293791028,-73.9846999158
2023-10-31 14:05:02,ec20bf89c89d,47.0,40.7240659508,-73.9875622058
2023-10-31 00:04:04,cd2694a3b590,85.0,40.7285505169,-73.9897438918
2023-10-31 04:03:04,25a849a70059,74.0,40.7213330672,-73.9883676505
2023-10-31 12:07:57,1fe97c5b52ea,40.0,40.7289443497,-73.9885048465
2023-10-31 08:09:05,d56c611f12fd,80.0,40.7289970336,-73.9891453398
2023-10-31 13:11:05,7f33d4a5e7ca,36.0,40.7260314801,-73.9838873595
2023-10-31 01:07:58,9823be9a8212,88.0,40.7270292209,-73.9883680014
2023-10-30 23:06:02,0893e5e3f051,89.0,40.7298893435,-73.9866682491
2023-10-31 12:09:02,645443014924,33.0,40.7255714979,-73.9872049145
2023-10-30 23:07:02,c51e45f06cce,90.0,40.7240369253,-73.9834233156
2023-10-30 23:02:57,d1b3871ed432,61.0,40.7246518419,-73.9880908688
2023-10-31 02:06:58,5cec37d936c4,18.0,-23.5689545402,-46.6630131835
2023-10-31 09:10:57,b80a167fde03,53.0,-23.5632491194,-46.6618874064
2023-10-31 05:11:02,f975a390ceb8,41.0,-23.5628379407,-46.6698650238
2023-10-31 14:08:05,4fb86aeba64e,86.0,-23.5671939317,-46.6615643155
2023-10-31 00:07:03,dd2f7724f9dc,26.0,-23.5627571172,-46.6655997342
2023-10-31 02:11:05,55cc17baba7e,24.0,-23.5693375407,-46.6651014375
2023-10-31 09:04:58,a394bd0d5793,59.0,-23.5608596842,-46.6683178476
2023-10-31 13:07:01,8e40f85c2329,91.0,-23.5677438352,-46.665153334
2023-10-31 04:06:01,865587d61f8d,72.0,-23.5609069357,-46.6689039427
2023-10-31 12:02:04,dbe93c517116,80.0,-23.5631514672,-46.6603496814
2023-10-31 00:11:02,17b2cc520a67,62.0,-23.5602868177,-46.6684730365
2023-10-31 12:08:58,d70ef70ea17a,79.0,-23.5681964691,-46.6600057841
2023-10-31 12:10:04,f723e7ace13c,33.0,-23.5659690933,-46.6634837878
2023-10-31 05:08:00,9583e9516f14,65.0,-23.5650571199,-46.6686976454
2023-10-31 04:09:57,e359f143f0b9,87.0,-23.5680809128,-46.6645254525
2023-10-30 23:08:05,efd70bda2113,56.0,-23.5612920772,-46.6605920472
2023-10-31 02:02:03,24c40e0025bf,90.0,-23.5654906483,-46.6631083466
2023-10-31 00:08:02,0cf0b7baac3f,92.0,-23.5612796249,-46.6607191308
2023-10-31 02:03:02,d71e2b251809,70.0,-23.5638729008,-46.661512419
2023-10-31 00:03:57,4dea17b28937,41.0,-23.566106336,-46.6616860023
2023-10-31 09:11:03,f24fba9f4289,61.0,-23.5691642913,-46.661184861
2023-10-31 03:10:05,abf74307abdc,12.0,-23.5660943999,-46.6623284972
2023-10-31 01:10:02,665ae1ff11dd,57.0,-23.5614684015,-46.6675329758
2023-10-31 10:06:00,29c960bbf863,11.0,-23.5626379412,-46.6617148118
2023-10-31 12:05:03,3d4260b8e9c5,84.0,-23.5617030082,-46.6624682529
2023-10-31 06:10:03,aeaf93eb7a64,39.0,-23.5671347836,-46.6623008358
2023-10-31 13:10:58,f8d313c21950,42.0,-23.5661071987,-46.6623516768
2023-10-31 06:07:57,56e24c8ba468,56.0,-23.561964114,-46.6678505444
2023-10-31 00:02:01,4a4f3cbdc0a5,45.0,-23.562844187,-46.6644683662
2023-10-31 08:11:03,ff800792dd45,28.0,-23.5651567287,-46.6626214715
2023-10-31 10:10:58,bf650ec21eae,49.0,-23.5685812924,-46.662999037
2023-10-31 08:07:59,f2e93b1f9bde,90.0,-23.5673618355,-46.6663139875
2023-10-31 01:07:04,072a3881fae5,5.0,-23.5651605248,-46.6600727418
2023-10-31 02:04:06,1bb8d1516e9f,51.0,-23.5617070689,-46.6649195908
2023-10-31 13:08:03,9b278a906915,46.0,-23.5628191232,-46.6663638483
2023-10-31 06:02:00,964ee9b8bb4e,20.0,-23.5666705712,-46.6687100108
2023-10-31 05:09:00,0bee5cb87c9d,92.0,-23.5606731885,-46.6696647071
2023-10-31 05:04:02,c6eec4d31044,90.0,-23.561261074,-46.6689495742
2023-10-31 06:05:06,a0c8ccdb84c4,91.0,-23.5653194348,-46.6692361516
2023-10-31 02:06:06,0d4c7a998a50,7.0,-23.5695204382,-46.6672180438
2023-10-31 10:03:02,bab3dc804293,11.0,-23.5698813403,-46.6659709379
2023-10-31 14:07:01,cf2323374639,1.0,-23.5677575823,-46.6643143217
2023-10-31 14:11:05,86d0b0be3f29,90.0,-23.5614361594,-46.6657961986
2023-10-31 05:08:57,159e2d0f7b12,46.0,-23.5667828366,-46.6642766265
2023-10-31 13:10:59,e160bef81710,52.0,-23.5622754693,-46.6672610716
2023-10-31 13:03:57,fefa87e1612e,90.0,-23.568481223,-46.6621388757
2023-10-31 04:01:57,cb1b462fce67,7.0,-23.5624769966,-46.6614771165
2023-10-31 12:05:57,d32a353da231,96.0,-23.5604118432,-46.6693413445
2023-10-31 12:08:59,6bc321072d45,19.0,-23.5645909428,-46.6657832162
2023-10-31 14:08:59,0b8a043be055,46.0,-23.5651824579,-46.6648818017
2023-10-31 14:07:06,82fec69c63cf,94.0,-23.5679904442,-46.6633486352
2023-10-31 06:07:00,8d6b5903be14,77.0,-23.5690097014,-46.6615166235
2023-10-31 01:08:00,ec42788efd89,44.0,-23.5665567385,-46.6675853643
2023-10-31 08:06:58,1b0cd07d30a0,82.0,-23.5647142133,-46.6651007161
2023-10-31 08:11:04,12e6d0e95e9c,3.0,-23.5626753192,-46.6651630751
2023-10-31 07:08:06,49e19de60f70,28.0,-23.5640398666,-46.6636998535
2023-10-31 10:06:57,a12ced9be5f0,52.0,-23.5657810373,-46.6634270001
2023-10-31 02:11:04,32898ba803f0,45.0,-23.560060887,-46.6689343302
2023-10-31 05:08:04,09be28926c48,88.0,-23.5630399127,-46.6669721774
2023-10-31 09:01:57,bee4bc141f9f,68.0,-23.564384003,-46.6639332679
2023-10-31 07:08:57,affc503c4c56,14.0,-23.5674093058,-46.6621391417
2023-10-31 11:07:01,1aa80c29ba9c,1.0,-23.5611678535,-46.6692777819
2023-10-31 09:03:59,195450545ce5,87.0,-23.5621435518,-46.6673705131
2023-10-31 06:09:03,7be9beb5bcb6,2.0,-23.5685108673,-46.6618653535
2023-10-31 08:02:02,bc3c50d1a784,100.0,-23.5680406733,-46.6616215288
2023-10-31 09:06:58,3a5cb3089af7,69.0,-23.5605113069,-46.6671167391
2023-10-31 13:05:06,3f817dc02c38,40.0,-23.5673986677,-46.660122567
2023-10-31 05:04:01,d190be7a49eb,89.0,-23.5691661106,-46.6603198336
2023-10-31 00:09:02,e792fab1cf65,61.0,-23.5628728841,-46.6615288155
2023-10-31 00:07:06,5bf6983dbed9,51.0,-23.5616935824,-46.6602407796
2023-10-31 09:05:04,1c24ab406293,4.0,-23.568761902,-46.6649676807
2023-10-31 11:10:58,5f0742cb4c88,35.0,-23.5634712569,-46.6665231157
2023-10-31 01:11:04,3a8de751ee8e,53.0,-23.5659730776,-46.6608280775
2023-10-31 09:09:02,9758d76a4f22,54.0,-23.5634676901,-46.6684873465
2023-10-31 14:05:06,a7f050242d14,29.0,-23.5636974344,-46.6601496646
2023-10-31 07:03:01,ddcd49dddb57,80.0,-23.568097732,-46.6632392423
2023-10-31 14:03:06,f6fd0e64045f,32.0,-23.5665004487,-46.6628514835
2023-10-31 01:05:57,b42ab9caa4b6,88.0,-23.5672883225,-46.6669364023
2023-10-31 10:04:58,632a8d9668c1,85.0,-23.5616305085,-46.6607292936
2023-10-31 12:05:58,b68b17ea8dc4,53.0,-23.5609886911,-46.6609378658
2023-10-31 08:03:00,6713d9e06f72,95.0,-23.5627117261,-46.6609550148
2023-10-31 08:11:00,92f77eba7288,68.0,-23.5618683622,-46.6662891722
2023-10-31 12:10:05,c89386a79f8d,8.0,-23.5666337179,-46.6689788695
2023-10-31 07:10:57,372906f5cf60,33.0,-23.5634495075,-46.663983504
2023-10-31 14:07:04,5aac2906432f,72.0,-23.5682640578,-46.6636049301
2023-10-31 09:02:05,93095711d0c8,44.0,-23.5620929279,-46.6612026105
2023-10-31 00:07:04,dd5bfb2bf890,15.0,-23.5634772373,-46.6601230348
2023-10-31 10:08:06,627796e37dd6,16.0,-23.560654238,-46.6657978623
2023-10-31 02:10:02,04b83639b25c,25.0,-23.5657900452,-46.6620175685
2023-10-30 23:06:06,fece33bd073a,83.0,-23.5672173889,-46.6626616528
2023-10-30 23:10:01,595d6348fedd,98.0,37.5500160364,126.980924003
2023-10-30 23:06:04,dc08faa65b9f,41.0,37.5572550724,126.988840472
2023-10-31 04:10:00,394ba733464b,31.0,37.5527200242,126.98261884
2023-10-31 06:05:59,edb344857881,100.0,37.5541572351,126.989704011
2023-10-31 07:10:05,0419415a0483,99.0,37.5533191377,126.982779618
2023-10-31 02:10:06,15d488119ae6,89.0,37.5543334709,126.986883809
2023-10-31 00:05:04,9c638b44bf9d,41.0,37.5591017504,126.989726711
2023-10-30 23:09:02,9fe6a76b4f3e,8.0,37.558239397,126.986944871
2023-10-31 11:02:04,17e35c75cba0,6.0,37.5509001576,126.989872238
2023-10-31 14:07:05,9d504481318e,37.0,37.5536425018,126.9897328
2023-10-31 08:10:05,30fc47b04bd1,92.0,37.5544362588,126.987892644
2023-10-31 13:09:05,75a050dd8d6f,47.0,37.5527478245,126.980314947
2023-10-31 00:02:59,1d746d9f93fe,34.0,37.5567878861,126.986019267
2023-10-31 11:03:02,ab67e091cf7f,7.0,37.5545905448,126.983976528
2023-10-31 12:05:06,204009489013,9.0,37.5576490645,126.985561746
2023-10-31 14:05:01,92ac40facf6f,84.0,37.5519397736,126.986114356
2023-10-31 13:01:58,549045f82cd3,1.0,37.5542630455,126.980854113
2023-10-31 12:01:57,102ef855b4ec,38.0,37.5502631836,126.985138691
2023-10-30 23:05:01,098d425c8cec,65.0,37.5529919001,126.983270685
2023-10-30 23:07:03,6e705dbe6828,81.0,37.551748286,126.984879297
2023-10-31 03:06:02,0d981fe15f3c,16.0,37.5518273382,126.988917653
2023-10-31 14:08:06,a4040e5bc98a,76.0,37.5577949507,126.984094216
2023-10-31 10:08:58,9dcfccf49263,67.0,37.554072519,126.987309649
2023-10-31 11:05:02,8f17f17ce34f,85.0,37.5537652858,126.985218065
2023-10-31 03:11:03,479638f1167b,7.0,37.5523301134,126.984372327
2023-10-31 08:04:03,2942f3b7c341,11.0,37.5537418677,126.989413032
2023-10-31 08:11:06,accbcd96763b,60.0,37.5505056391,126.982629541
2023-10-31 07:02:05,72479dc1508d,60.0,37.5574588873,126.986852377
2023-10-31 02:07:05,808d82d0e5c7,90.0,37.5588153052,126.983556746
2023-10-31 03:04:06,2a48d67fc011,7.0,37.5579758501,126.988719905
2023-10-31 13:11:03,d67dd78dd520,95.0,37.5518032229,126.989154047
2023-10-31 02:02:00,0eab8b2a0159,29.0,37.5505888826,126.985225547
2023-10-31 08:06:59,b4e59287e86c,34.0,37.552775273,126.989610575
2023-10-31 13:09:57,742371bc14b5,73.0,37.5506583238,126.981894058
2023-10-31 10:05:57,4f8bbcf6a9a0,31.0,37.5584853386,126.98063854
2023-10-31 11:11:00,6edb13f78766,6.0,37.5574914896,126.986537025
2023-10-31 09:10:59,68d611a77278,66.0,37.5571506439,126.987120884
2023-10-31 00:08:00,ae15a40af778,82.0,37.555356293,126.986385233
2023-10-31 10:04:03,2fe5955dd958,24.0,37.5513810294,126.988201658
2023-10-31 04:01:58,251339a92025,18.0,37.5519396548,126.989406158
2023-10-31 03:09:05,eb152679f425,62.0,37.5503989659,126.98777737
2023-10-31 12:06:57,aae2cae90bee,96.0,37.5564109157,126.987536549
2023-10-31 13:02:59,3251ee5122db,20.0,37.5527339791,126.985970333
2023-10-31 08:03:57,1d16c1e8b9ca,76.0,37.5511602049,126.983811948
2023-10-31 01:03:05,e9c5f2a4e457,3.0,37.5563456439,126.983337505
2023-10-31 06:06:01,55dcf34e3eef,66.0,37.5536876935,126.988983005
2023-10-31 04:08:05,7a3623e46d29,27.0,37.558605952,126.985218082
2023-10-31 05:11:00,e29d615e7908,17.0,37.5508047131,126.989170522
2023-10-31 01:07:01,5269e0667f1e,24.0,37.5565627436,126.988513076
2023-10-31 07:06:05,eccd51bcdb25,34.0,37.5554414552,126.982788294
2023-10-31 05:02:05,f4bb00cc98da,61.0,37.5527765324,126.98156809
2023-10-31 08:05:03,ca57b24244ef,52.0,37.5599479944,126.980656865
2023-10-31 04:05:59,94e4f22ab108,99.0,37.5515618106,126.9859035
2023-10-31 01:05:02,a47d918125ac,90.0,37.5581206426,126.983554895
2023-10-31 03:02:00,a7b382c2f7aa,26.0,37.55236638,126.987490996
2023-10-31 03:08:59,4e90b1d7caf8,45.0,37.5592211262,126.983426189
2023-10-31 10:11:01,7f07ffac5285,35.0,37.5524484145,126.985272705
2023-10-31 14:09:03,4dced347ad17,4.0,37.5522119463,126.988944306
2023-10-31 12:08:03,5d3d10598c75,5.0,37.5504922979,126.9893612
2023-10-31 12:08:05,0f5b7cc096f5,23.0,37.5572906398,126.982558313
2023-10-31 11:08:01,c3ec6b6b4353,28.0,37.5537686531,126.981292628
2023-10-31 09:03:05,d3f5686b07be,65.0,37.5503281687,126.987362667
2023-10-31 09:03:02,fd04279de546,72.0,37.5566743233,126.986064005
2023-10-31 03:02:04,82eeaa4c7384,55.0,37.5541468427,126.983858629
2023-10-31 00:04:59,bde49740bdb5,94.0,37.5560323262,126.989732439
2023-10-31 13:06:04,08b412eb0b30,57.0,37.553701927,126.98811105
2023-10-31 00:08:03,4910b9858063,94.0,37.5553275439,126.981255862
2023-10-31 12:05:00,64487f507296,40.0,37.5520493251,126.989739564
2023-10-31 14:02:06,3f9ebbb28b91,50.0,37.5562541555,126.98055909
2023-10-31 04:06:05,7a415888778d,68.0,37.5597151087,126.988380732
2023-10-31 04:09:04,93d3f9da2233,27.0,37.556630881,126.985172135
2023-10-31 11:02:06,08a5269ff232,26.0,37.5561538817,126.989924599
2023-10-31 11:11:00,c32d108b05ae,61.0,37.5597093524,126.981804749
2023-10-31 14:03:04,36737246f0ff,62.0,37.5596693677,126.982035975
2023-10-31 06:10:00,e9bd4f73715e,39.0,37.5558966065,126.988562476
2023-10-31 05:11:02,2cef3ed184a5,27.0,37.5501529654,126.987177486
2023-10-31 00:02:03,2bb3955fda97,83.0,37.5572305401,126.988902397
2023-10-31 06:10:06,d4b4586ceb26,100.0,37.5505982751,126.98483846
2023-10-31 00:05:02,6eacbfeacf69,68.0,37.5512492101,126.986769031
2023-10-31 13:07:00,6e5905969627,25.0,37.5567414353,126.987152073
2023-10-31 10:10:04,b1f97c4df438,61.0,37.5565744525,126.984357627
2023-10-31 07:06:05,3fdb66d3a322,3.0,37.5597963011,126.984648278
2023-10-31 12:08:00,2b37d11ed68b,49.0,37.5509970837,126.985584898
2023-10-31 05:06:57,7faef780be1a,62.0,37.5535227832,126.986293133
2023-10-31 10:06:04,476228be55cb,71.0,37.5595407954,126.984526563
2023-10-31 05:11:04,f4a8617bc06c,60.0,37.5539505048,126.987431032
2023-10-31 05:07:00,daf5a74687ae,82.0,37.5582158968,126.984436527
2023-10-31 07:08:57,fa39dcc6dfd0,35.0,37.5568600549,126.980326022
2023-10-31 14:02:05,d4d20859ef8f,70.0,37.5544500997,126.982358867
2023-10-31 00:11:00,af33f053e24e,27.0,37.5525602461,126.981160248
2023-10-31 02:05:59,6a18c3c896f5,98.0,51.5193547533,-0.109571188943
2023-10-31 06:07:05,ca1bf4397789,20.0,51.5199304846,-0.108960916639
2023-10-31 00:02:00,3584152f27f6,95.0,51.5110869585,-0.104950219504
2023-10-31 07:10:00,951445df4e07,63.0,51.512146739,-0.102487459123
2023-10-31 08:04:06,3e73cd07cc97,0.0,51.5145834535,-0.103587286736
2023-10-31 03:09:02,839d2301836b,37.0,51.5120409448,-0.107013412053
2023-10-31 14:09:58,2b87f12b1d42,52.0,51.5163868258,-0.10799182115
2023-10-31 11:03:01,abaeeed76185,18.0,51.5156802978,-0.108490825402
2023-10-31 04:09:58,846e5cc3d082,37.0,51.5173624516,-0.102360724195
2023-10-31 05:04:57,80bd36d17194,88.0,51.5177368741,-0.10679957869
2023-10-31 03:10:00,1701263c8f0d,69.0,51.5151639603,-0.106337842212
2023-10-31 01:02:59,6529ec6c49e2,53.0,51.5118331503,-0.104615371385
2023-10-31 01:04:05,46733c6190bc,88.0,51.5120651546,-0.107969892091
2023-10-31 09:07:04,34bfb0971c6a,25.0,51.5156891624,-0.103425766405
2023-10-31 11:07:04,edd6e63128cc,10.0,51.5111129027,-0.104487316746
2023-10-31 07:03:58,e9288e2f0554,91.0,51.5154878766,-0.105841114568
2023-10-31 11:02:04,8d2d1c2af679,99.0,51.512822496,-0.109759829563
2023-10-31 01:03:04,4ca1a1e1bd9e,67.0,51.512229755,-0.108334695562
2023-10-31 04:03:58,6f20ffa2252d,36.0,51.5196622097,-0.108012147893
2023-10-31 14:09:00,565b6cd2ae6c,19.0,51.513921611,-0.104438129882
2023-10-31 07:01:59,c66e6375c5f5,50.0,51.5121649947,-0.101664229393
2023-10-31 00:10:03,06e5c755124f,69.0,51.5103007195,-0.106698325079
2023-10-31 07:07:05,8781c16e35fa,83.0,51.5128379044,-0.10913032718
2023-10-31 10:11:04,0b16fff79401,81.0,51.5192957569,-0.109842341281
2023-10-31 03:04:03,261b5bddc255,53.0,51.5109029698,-0.103307635858
2023-10-31 13:08:00,8becb7d24167,23.0,51.5192255005,-0.106400263882
2023-10-31 03:06:59,d0dce8b7e194,14.0,51.5187288707,-0.101022364742
2023-10-31 06:05:04,1c771b6e6b7b,35.0,51.5156013884,-0.10455547639
2023-10-31 04:03:04,63984865d4e8,83.0,51.5194294412,-0.100099042363
2023-10-31 05:07:01,fa495377105e,39.0,51.5114177858,-0.101433253158
2023-10-31 11:05:06,100aa8263be3,27.0,51.5187860292,-0.107997503907
2023-10-31 07:05:01,5463dc653f97,28.0,51.5105009604,-0.105657831958
2023-10-31 03:07:06,ebb11b435358,83.0,51.5183943745,-0.108442461648
2023-10-31 07:07:03,398d13d0fcea,98.0,51.5138230986,-0.103650344102
2023-10-31 04:03:03,ca616069eda5,73.0,51.5122806065,-0.10643919646
2023-10-31 09:11:06,ec5dbbbd6f29,53.0,51.5111666563,-0.107373971444
2023-10-31 11:04:00,1aa436f2b3ea,51.0,51.5169210791,-0.109926885578
2023-10-31 06:10:57,6fded8224738,90.0,51.518891416,-0.103968467482
2023-10-31 11:10:57,22582f84b74e,44.0,51.5146065343,-0.109591761775
2023-10-31 03:09:05,4e5ec8415983,77.0,51.5102041479,-0.106251754872
2023-10-31 00:07:58,316f53d376eb,43.0,51.5193295545,-0.109541224934
2023-10-31 02:10:04,1e086d6e5ca9,17.0,51.5187843926,-0.10561706868
2023-10-31 08:10:06,b94403b61bd4,26.0,51.5157602273,-0.108191265892
2023-10-31 02:09:03,caa5637e069d,74.0,51.512394522,-0.104042322125
2023-10-30 23:07:05,07d255ab9aec,33.0,51.511518409,-0.109149752498
2023-10-31 03:02:58,d299d28cb860,45.0,51.5158565991,-0.103305891948
2023-10-31 00:06:05,696100493afb,41.0,51.5118910196,-0.105530245137
2023-10-31 02:03:00,61dabf1bed52,75.0,51.5119771732,-0.108867413791
2023-10-31 07:08:01,5702d00b03ef,17.0,51.5168573113,-0.105590218469
2023-10-31 01:09:06,8806bf93e32d,91.0,51.514861238,-0.106622440855
2023-10-31 04:04:06,6a0194831e57,21.0,51.5165401771,-0.109480734713
2023-10-30 23:03:00,2458f57954ba,66.0,51.5189019303,-0.100637626665
2023-10-31 09:03:58,1666727b43d4,80.0,51.5195554059,-0.105339518121
2023-10-31 02:02:01,250dd92dac66,85.0,51.5168974723,-0.101122395124
2023-10-31 04:05:06,bf75e7c7afdd,57.0,51.5136313037,-0.109631626143
2023-10-31 10:09:00,3e7ac20878f6,8.0,51.5175435035,-0.106923897562
2023-10-31 07:08:01,70d6c0ea14e5,50.0,51.5139592001,-0.105409053247
2023-10-31 06:05:05,07b97596ac00,20.0,51.5116625577,-0.109524107675
2023-10-31 03:08:00,bab8ac076efb,23.0,51.512174381,-0.10686383259
2023-10-31 09:09:02,8bf2d1101897,19.0,51.5188949233,-0.105164948262
2023-10-31 07:08:59,616fdad1a223,88.0,51.5172179601,-0.105704865234
2023-10-31 11:02:06,26d557132c18,64.0,51.5100417205,-0.109476128896
2023-10-31 00:10:59,81440a29d62e,52.0,51.5127129022,-0.109160088538
2023-10-31 04:02:57,bd742b64198b,96.0,51.5191798783,-0.104601156082
2023-10-31 00:10:04,011fbd0c96c3,70.0,51.5139421522,-0.106023716177
2023-10-31 00:01:58,6951961fa478,91.0,51.5169180123,-0.10969298425
2023-10-31 11:10:05,52559e1e4928,27.0,51.5124018239,-0.10651769484
2023-10-31 01:09:03,6c07ddbecae7,18.0,51.513267242,-0.101772870694
2023-10-30 23:04:02,b038c6b25b62,73.0,51.5123149342,-0.108738378964
2023-10-31 00:09:02,9f1892acdc94,56.0,51.5199828217,-0.108795095061
2023-10-31 11:02:06,05def21e7e8f,77.0,51.5117078901,-0.107211229365
2023-10-31 02:04:59,246b0098536c,54.0,51.5113899131,-0.100932941781
2023-10-31 08:04:02,410e9d1ea25c,11.0,51.5160548464,-0.109426403471
2023-10-31 00:02:04,158fd8146c4e,91.0,51.510270435,-0.103190522683
2023-10-31 00:04:05,9d289dacc1cc,21.0,51.5195214368,-0.100600848873
2023-10-31 11:05:03,aca7e472036e,72.0,51.5144759539,-0.109442054073
2023-10-31 04:05:00,2aa614a154dd,65.0,51.5151550306,-0.108862052205
2023-10-31 14:07:59,f12e15071833,7.0,51.5197352838,-0.100493019331
2023-10-31 09:11:01,795e98b8b425,82.0,51.5166613961,-0.102084750905
2023-10-31 13:06:01,1bb1252c3847,50.0,51.516492213,-0.10635547929
2023-10-31 01:04:02,e48e5ab6a219,94.0,51.5106360095,-0.102488817254
2023-10-30 23:09:01,b635403b67ec,77.0,51.5112611885,-0.106668933085
2023-10-31 03:10:58,e642bcb1625f,51.0,51.5153122687,-0.100168751616
2023-10-31 12:06:57,3e7a2c0584aa,7.0,51.5114561568,-0.103954123447
2023-10-31 02:02:58,7f906e467f71,15.0,51.5144879937,-0.104370950962
2023-10-31 09:05:02,134aaf598e7c,89.0,51.5101665038,-0.10914361175
2023-10-31 07:02:02,85ad4552ad60,79.0,51.5190393402,-0.107167603859
2023-10-31 06:05:59,b013ee62eed1,15.0,51.5102785528,-0.101154951866
2023-10-31 02:07:02,f5846330f15d,34.0,51.5183733898,-0.100998845181
2023-10-31 09:02:01,7c93e3832dd5,4.0,51.5101005313,-0.106044945601
2023-10-30 23:05:57,bface1dfca9b,34.0,37.779321381,-122.170414227
2023-10-31 04:05:57,059330e8a618,4.0,37.7749876579,-122.170468957
2023-10-31 08:10:02,838ea28c4f8e,52.0,37.7794241456,-122.170318812
2023-10-31 04:09:05,189a386ca210,58.0,37.7748290109,-122.177051882
2023-10-31 09:06:58,cf442a23cc8b,47.0,37.7778747038,-122.178875324
2023-10-31 07:02:04,abd991c7d608,89.0,37.7755425485,-122.17122829
2023-10-30 23:10:58,a7eccca14d51,2.0,37.7700156477,-122.1722964
2023-10-31 14:04:04,e753242d5cd7,21.0,37.7707546009,-122.179674772
2023-10-31 08:08:58,720149aa4cb5,95.0,37.7748367143,-122.172378198
2023-10-31 12:05:01,9d4e377a54cf,61.0,37.775256381,-122.179707725
2023-10-31 01:07:04,48488ebf6188,1.0,37.7719229042,-122.173377931
2023-10-31 07:04:01,466becea4839,52.0,37.773652694,-122.177752871
2023-10-30 23:04:03,a27e68b28ebf,69.0,37.7716462489,-122.178880944
2023-10-31 02:04:05,c52b3c2e56a8,10.0,37.7719315344,-122.17418921
2023-10-31 01:10:01,79c575697da0,37.0,37.7708013957,-122.179439816
2023-10-31 03:06:03,f3acb15b621c,48.0,37.7791346447,-122.176036873
2023-10-31 13:04:03,57eb676ca0a2,34.0,37.7785511205,-122.176639906
2023-10-31 12:05:06,99f38497434f,41.0,37.779817654,-122.177287046
2023-10-31 06:07:06,578b84f82d67,42.0,37.7750638845,-122.170700043
2023-10-31 13:04:00,b0f4f377492f,44.0,37.7726783101,-122.170286903
2023-10-31 07:11:02,37606aaef78f,12.0,37.7703204707,-122.178559837
2023-10-31 05:11:06,82b05c2a6994,66.0,37.7764718359,-122.177296184
2023-10-31 11:01:58,80ba8d36f597,53.0,37.774409474,-122.177893998
2023-10-31 04:02:01,41fdcb58a4f4,86.0,37.7763217278,-122.173277069
2023-10-31 05:02:58,b82cba122b3a,50.0,37.7707687399,-122.171332047
2023-10-30 23:11:02,9287739c8143,0.0,37.7760333513,-122.170999809
2023-10-31 06:09:01,39975f893277,47.0,37.7737598854,-122.176293116
2023-10-31 01:02:59,1bf9773476cd,71.0,37.7792584061,-122.179612038
2023-10-31 03:07:03,a82c294dddb6,71.0,37.770322295,-122.172240779
2023-10-31 01:04:04,fc65a8e355d5,41.0,37.771667596,-122.173054796
2023-10-31 06:02:06,4474fb8ca673,16.0,37.7720058084,-122.171421006
2023-10-31 08:11:05,58108eda7813,13.0,37.777811151,-122.172395474
2023-10-31 10:05:00,e88d8b975b76,54.0,37.771450539,-122.178108399
2023-10-30 23:10:02,4eb8d64a51d0,85.0,37.7757792006,-122.177283217
2023-10-30 23:11:05,1951a26827b5,76.0,37.772188355,-122.179040986
2023-10-31 07:07:59,6c256a6786eb,26.0,37.7731952336,-122.17280474
2023-10-31 14:05:02,02e4e98f9b35,73.0,37.7755154902,-122.175551173
2023-10-31 04:05:00,54f36643830e,71.0,37.7776885533,-122.172719238
2023-10-31 10:07:00,4ebbbb10722f,28.0,37.7775646346,-122.174629268
2023-10-31 02:07:58,beeca0d1c277,11.0,37.7727267228,-122.172134294
2023-10-31 09:02:58,5b7d0e1b9603,34.0,37.7705403374,-122.175264139
2023-10-31 10:02:04,ebae663726fa,60.0,37.7714137436,-122.17368352
2023-10-31 10:04:06,01f352fe1ea4,35.0,37.771563391,-122.17581362
2023-10-31 02:07:00,464f4ee1eae4,75.0,37.7781746971,-122.17215373
2023-10-31 06:05:05,f7c8acf8daa8,67.0,37.7756750521,-122.172255744
2023-10-31 14:04:06,06e21620a5e6,80.0,37.775524451,-122.170385075
2023-10-31 01:07:04,87d362c84209,65.0,37.7788802953,-122.172417157
2023-10-30 23:08:04,3cc42ebf5a34,43.0,37.7728457291,-122.174626924
2023-10-31 01:02:05,f149f692261d,48.0,37.7718006962,-122.174285181
2023-10-31 08:08:02,196f2608ea60,96.0,37.7711577454,-122.17650553
2023-10-31 13:04:05,de9fa4f758ee,58.0,37.7724498255,-122.170408932
2023-10-31 14:07:00,dbed79f42304,53.0,37.7740897704,-122.172814725
2023-10-31 03:06:04,5765a28bb7f2,57.0,37.7781730567,-122.172199048
2023-10-31 09:05:01,90f8a740754e,80.0,37.7725719413,-122.178865384
2023-10-31 02:10:03,05ea90e69057,67.0,37.7721487215,-122.174933024
2023-10-31 11:02:04,7933451b886f,73.0,37.7784922222,-122.176508086
2023-10-31 06:03:57,a9084a203632,98.0,37.7792237156,-122.17570117
2023-10-31 03:02:04,1fe80c50cfab,30.0,37.7706854346,-122.17010706
2023-10-31 05:02:58,ac57300d3c8a,2.0,37.7744930581,-122.177137901
2023-10-31 03:01:57,ef13a17b8985,7.0,37.7781975293,-122.17412275
2023-10-31 06:05:58,90fe8dd25b28,20.0,37.77723405,-122.179021152
2023-10-31 06:11:00,27cb40b7fa2a,99.0,37.7707451904,-122.177604919
2023-10-31 09:02:57,974545bc5bbf,40.0,37.7718931789,-122.176042451
2023-10-31 01:08:05,b7b946ee325c,19.0,37.772601283,-122.178578951
2023-10-31 05:02:02,a57cdeee1801,6.0,37.7744792951,-122.171996051
2023-10-30 23:05:59,34b78008c933,65.0,37.7792362087,-122.172235193
2023-10-31 08:10:58,654bac1f02ce,64.0,37.7761207499,-122.179747729
2023-10-31 14:04:59,cbd359985590,24.0,37.7789666425,-122.176626747
2023-10-31 03:08:00,d92129a80449,82.0,37.7756142233,-122.173614637
2023-10-31 08:06:59,01075dcd46c9,55.0,37.7786780303,-122.174257221
2023-10-31 14:11:02,1306665a0a72,99.0,37.7756837429,-122.170682109
2023-10-31 03:06:58,4ca6a67b4f3b,98.0,37.7703101936,-122.177739988
2023-10-31 04:07:58,513e0acec803,73.0,37.7721853804,-122.172754856
2023-10-31 12:10:03,779789264abd,70.0,37.7741299347,-122.176445302
2023-10-30 23:09:06,3d6e580ef3d1,86.0,37.775046138,-122.171102377
2023-10-31 07:09:04,3f4c2cc65940,100.0,37.7738550259,-122.178219997
2023-10-31 05:03:04,0d497a5c615a,93.0,37.7725391628,-122.17496024
2023-10-30 23:05:59,bd5d0c78b4bf,50.0,37.7759925816,-122.178789697
2023-10-31 02:09:00,b84127806dd5,83.0,37.774749721,-122.17094881
2023-10-31 08:09:06,f2bb96b46135,31.0,37.7742931182,-122.172187632
2023-10-31 00:10:57,fc82266cfec9,69.0,37.7742858644,-122.171798543
2023-10-31 04:07:57,f697c4d659b7,4.0,37.7767000865,-122.170980836
2023-10-31 09:02:00,37db9a4c49a0,55.0,37.7724627315,-122.172883781
2023-10-31 13:04:04,c56030da1fa3,58.0,37.775627588,-122.171535467
2023-10-31 04:10:04,c237a12ddaca,56.0,37.7788650269,-122.177807133
2023-10-31 01:07:59,5ed206ea7387,37.0,37.7791334543,-122.170263974
2023-10-31 08:08:01,10ababb235bd,45.0,37.7756231436,-122.176077015
2023-10-31 08:07:59,c35bdb057f27,75.0,37.7757214305,-122.170834295
2023-10-31 07:02:57,ccdc94e906f0,80.0,37.7744288762,-122.173408816
2023-10-31 02:09:02,36743ffa1b79,93.0,37.7790917932,-122.171415191
